Date,NAICS  Code,Kind of Business,Sales Million,,,,,
1/1/25,,"Retail and food services sales, total",654511,,,,,
1/1/25,,Retail sales and food services excl motor vehicle and parts,531784,,,,,
1/1/25,,Retail sales and food services excl gasoline stations,606934,,,,,
1/1/25,,Retail sales and food services excl motor vehicle and parts and gasoline stations,484207,,,,,
1/1/25,,"Retail sales, total",566662,,,,,
1/1/25,,"Retail sales, total (excl. motor vehicle and parts dealers)",443935,,,,,
1/1/25,,GAFO(1),115118,,,,,
1/1/25,441,Motor vehicle and parts dealers,122727,,,,,
1/1/25,"4411,4412",Automobile and other motor vehicle dealers,112289,,,,,
1/1/25,4411,Automobile dealers,106659,,,,,
1/1/25,44111,New car dealers,95762,,,,,
1/1/25,44112,Used car dealers,10897,,,,,
1/1/25,4413,"Automotive parts, acc., and tire stores",10438,,,,,
1/1/25,"442,443","Furniture, home furn, electronics, and appliance stores",17464,,,,,
1/1/25,442,Furniture and home furnishings stores,10414,,,,,
1/1/25,4421,Furniture stores,5664,,,,,
1/1/25,443,Electronics and appliance stores,7050,,,,,
1/1/25,443141,Household appliance stores,1577,,,,,
1/1/25,443142,Electronics stores,5473,,,,,
1/1/25,444,Building mat. and garden equip. and supplies dealers,32904,,,,,
1/1/25,4441,Building mat. and supplies dealers,28596,,,,,
1/1/25,44412,Paint and wallpaper stores,1184,,,,,
1/1/25,44413,Hardware stores,3029,,,,,
1/1/25,445,Food and beverage stores,83142,,,,,
1/1/25,4451,Grocery stores,76065,,,,,
1/1/25,44511,Supermarkets and other grocery (except convenience) stores,73429,,,,,
1/1/25,4453,"Beer, wine, and liquor stores",5055,,,,,
1/1/25,446,Health and personal care stores,37352,,,,,
1/1/25,44611,Pharmacies and drug stores,32403,,,,,
1/1/25,447,Gasoline stations,47577,,,,,
1/1/25,448,Clothing and clothing access. stores,19461,,,,,
1/1/25,4481,Clothing stores,14097,,,,,
1/1/25,44812,Women's clothing stores,2238,,,,,
1/1/25,44814,Family clothing stores,8342,,,,,
1/1/25,44819,Other clothing stores,1619,,,,,
1/1/25,4482,Shoe stores,2150,,,,,
1/1/25,451,"Sporting goods, hobby, musical instrument, and book stores",6683,,,,,
1/1/25,45111,Sporting goods stores,3752,,,,,
1/1/25,45112,"Hobby, toy, and game stores",1521,,,,,
1/1/25,451211,Book stores,808,,,,,
1/1/25,452,General merchandise stores,69627,,,,,
1/1/25,4522,Department stores,2227,,,,,
1/1/25,45221,Department stores,2227,,,,,
1/1/25,4523,Gen. merchandise stores incl. warehouse clubs & supercenters,67400,,,,,
1/1/25,452311,Warehouse clubs and supercenters,59400,,,,,
1/1/25,452319,All other gen. merchandise stores,8000,,,,,
1/1/25,453,Miscellaneous store retailers,12581,,,,,
1/1/25,4532,"Office supplies, stationery, and gift stores",1883,,,,,
1/1/25,45321,Office supplies and stationery stores,683,,,,,
1/1/25,45322,"Gift, novelty, and souvenir stores",1200,,,,,
1/1/25,45330,Used merchandise stores,1679,,,,,
1/1/25,454,Nonstore retailers,117144,,,,,
1/1/25,4541,Electronic shopping and mail-order houses,107763,,,,,
1/1/25,45431,Fuel dealers,5933,,,,,
1/1/25,722,Food services and drinking places,87849,,,,,
1/1/25,7225,Restaurants and other eating places,79835,,,,,
1/1/25,"722513, 722514, 722515",Limited service eating places,39559,,,,,
1/1/25,,"Retail and food services sales, total",630744,,,,,
2/1/25,,Retail sales and food services excl motor vehicle and parts,508568,,,,,
2/1/25,,Retail sales and food services excl gasoline stations,585394,,,,,
2/1/25,,Retail sales and food services excl motor vehicle and parts and gasoline stations,463218,,,,,
2/1/25,,"Retail sales, total",543970,,,,,
2/1/25,,"Retail sales, total (excl. motor vehicle and parts dealers)",421794,,,,,
2/1/25,,GAFO(1),112525,,,,,
2/1/25,441,Motor vehicle and parts dealers,122176,,,,,
2/1/25,"4411,4412",Automobile and other motor vehicle dealers,112221,,,,,
2/1/25,4411,Automobile dealers,105802,,,,,
2/1/25,44111,New car dealers,94762,,,,,
2/1/25,44112,Used car dealers,11040,,,,,
2/1/25,4413,"Automotive parts, acc., and tire stores",9955,,,,,
2/1/25,"442,443","Furniture, home furn, electronics, and appliance stores",17074,,,,,
2/1/25,442,Furniture and home furnishings stores,10444,,,,,
2/1/25,4421,Furniture stores,5802,,,,,
2/1/25,443,Electronics and appliance stores,6630,,,,,
2/1/25,443141,Household appliance stores,1563,,,,,
2/1/25,443142,Electronics stores,5067,,,,,
2/1/25,444,Building mat. and garden equip. and supplies dealers,31549,,,,,
2/1/25,4441,Building mat. and supplies dealers,27387,,,,,
2/1/25,44412,Paint and wallpaper stores,1192,,,,,
2/1/25,44413,Hardware stores,2830,,,,,
2/1/25,445,Food and beverage stores,76398,,,,,
2/1/25,4451,Grocery stores,69309,,,,,
2/1/25,44511,Supermarkets and other grocery (except convenience) stores,66821,,,,,
2/1/25,4453,"Beer, wine, and liquor stores",5037,,,,,
2/1/25,446,Health and personal care stores,35484,,,,,
2/1/25,44611,Pharmacies and drug stores,30579,,,,,
2/1/25,447,Gasoline stations,45350,,,,,
2/1/25,448,Clothing and clothing access. stores,20653,,,,,
2/1/25,4481,Clothing stores,14489,,,,,
2/1/25,44812,Women's clothing stores,2323,,,,,
2/1/25,44814,Family clothing stores,8633,,,,,
2/1/25,44819,Other clothing stores,1455,,,,,
2/1/25,4482,Shoe stores,2468,,,,,
2/1/25,451,"Sporting goods, hobby, musical instrument, and book stores",6205,,,,,
2/1/25,45111,Sporting goods stores,3615,,,,,
2/1/25,45112,"Hobby, toy, and game stores",1429,,,,,
2/1/25,451211,Book stores,550,,,,,
2/1/25,452,General merchandise stores,66830,,,,,
2/1/25,4522,Department stores,2525,,,,,
2/1/25,45221,Department stores,2525,,,,,
2/1/25,4523,Gen. merchandise stores incl. warehouse clubs & supercenters,64305,,,,,
2/1/25,452311,Warehouse clubs and supercenters,56585,,,,,
2/1/25,452319,All other gen. merchandise stores,7720,,,,,
2/1/25,453,Miscellaneous store retailers,12389,,,,,
2/1/25,4532,"Office supplies, stationery, and gift stores",1763,,,,,
2/1/25,45321,Office supplies and stationery stores,574,,,,,
2/1/25,45322,"Gift, novelty, and souvenir stores",1189,,,,,
2/1/25,45330,Used merchandise stores,1734,,,,,
2/1/25,454,Nonstore retailers,109862,,,,,
2/1/25,4541,Electronic shopping and mail-order houses,101494,,,,,
2/1/25,45431,Fuel dealers,4958,,,,,
2/1/25,722,Food services and drinking places,86774,,,,,
2/1/25,7225,Restaurants and other eating places,78245,,,,,
2/1/25,"722513, 722514, 722515",Limited service eating places,38272,,,,,
3/1/25,,"Retail and food services sales, total",727141,,,,,
3/1/25,,Retail sales and food services excl motor vehicle and parts,575141,,,,,
3/1/25,,Retail sales and food services excl gasoline stations,676643,,,,,
3/1/25,,Retail sales and food services excl motor vehicle and parts and gasoline stations,524643,,,,,
3/1/25,,"Retail sales, total",625098,,,,,
3/1/25,,"Retail sales, total (excl. motor vehicle and parts dealers)",473098,,,,,
3/1/25,,GAFO(1),129089,,,,,
3/1/25,441,Motor vehicle and parts dealers,152000,,,,,
3/1/25,"4411,4412",Automobile and other motor vehicle dealers,140331,,,,,
3/1/25,4411,Automobile dealers,131715,,,,,
3/1/25,44111,New car dealers,117792,,,,,
3/1/25,44112,Used car dealers,13923,,,,,
3/1/25,4413,"Automotive parts, acc., and tire stores",11669,,,,,
3/1/25,"442,443","Furniture, home furn, electronics, and appliance stores",18804,,,,,
3/1/25,442,Furniture and home furnishings stores,11565,,,,,
3/1/25,4421,Furniture stores,6363,,,,,
3/1/25,443,Electronics and appliance stores,7239,,,,,
3/1/25,443141,Household appliance stores,1764,,,,,
3/1/25,443142,Electronics stores,5475,,,,,
3/1/25,444,Building mat. and garden equip. and supplies dealers,39798,,,,,
3/1/25,4441,Building mat. and supplies dealers,33969,,,,,
3/1/25,44412,Paint and wallpaper stores,1519,,,,,
3/1/25,44413,Hardware stores,3502,,,,,
3/1/25,445,Food and beverage stores,83035,,,,,
3/1/25,4451,Grocery stores,75199,,,,,
3/1/25,44511,Supermarkets and other grocery (except convenience) stores,72469,,,,,
3/1/25,4453,"Beer, wine, and liquor stores",5607,,,,,
3/1/25,446,Health and personal care stores,38793,,,,,
3/1/25,44611,Pharmacies and drug stores,33107,,,,,
3/1/25,447,Gasoline stations,50498,,,,,
3/1/25,448,Clothing and clothing access. stores,24956,,,,,
3/1/25,4481,Clothing stores,18317,,,,,
3/1/25,44812,Women's clothing stores,3101,,,,,
3/1/25,44814,Family clothing stores,11189,,,,,
3/1/25,44819,Other clothing stores,1537,,,,,
3/1/25,4482,Shoe stores,3224,,,,,
3/1/25,451,"Sporting goods, hobby, musical instrument, and book stores",7735,,,,,
3/1/25,45111,Sporting goods stores,4814,,,,,
3/1/25,45112,"Hobby, toy, and game stores",1716,,,,,
3/1/25,451211,Book stores,580,,,,,
3/1/25,452,General merchandise stores,75492,,,,,
3/1/25,4522,Department stores,2967,,,,,
3/1/25,45221,Department stores,2967,,,,,
3/1/25,4523,Gen. merchandise stores incl. warehouse clubs & supercenters,72525,,,,,
3/1/25,452311,Warehouse clubs and supercenters,63870,,,,,
3/1/25,452319,All other gen. merchandise stores,8655,,,,,
3/1/25,453,Miscellaneous store retailers,14404,,,,,
3/1/25,4532,"Office supplies, stationery, and gift stores",2102,,,,,
3/1/25,45321,Office supplies and stationery stores,616,,,,,
3/1/25,45322,"Gift, novelty, and souvenir stores",1486,,,,,
3/1/25,45330,Used merchandise stores,2105,,,,,
3/1/25,454,Nonstore retailers,119583,,,,,
3/1/25,4541,Electronic shopping and mail-order houses,111988,,,,,
3/1/25,45431,Fuel dealers,3832,,,,,
3/1/25,722,Food services and drinking places,102043,,,,,
3/1/25,7225,Restaurants and other eating places,92332,,,,,
3/1/25,"722513, 722514, 722515",Limited service eating places,45198,,,,,
1/1/24,,"Retail and food services sales, total",622927,,,,,
1/1/24,,Retail sales and food services excl motor vehicle and parts,506971,,,,,
1/1/24,,Retail sales and food services excl gasoline stations,576512,,,,,
1/1/24,,Retail sales and food services excl motor vehicle and parts and gasoline stations,460556,,,,,
1/1/24,,"Retail sales, total",539834,,,,,
1/1/24,,"Retail sales, total (excl. motor vehicle and parts dealers)",423878,,,,,
1/1/24,,GAFO(1),110083,,,,,
1/1/24,441,Motor vehicle and parts dealers,115956,,,,,
1/1/24,"4411,4412",Automobile and other motor vehicle dealers,105673,,,,,
1/1/24,4411,Automobile dealers,100689,,,,,
1/1/24,44111,New car dealers,90167,,,,,
1/1/24,44112,Used car dealers,10522,,,,,
1/1/24,4413,"Automotive parts, acc., and tire stores",10283,,,,,
1/1/24,"442,443","Furniture, home furn, electronics, and appliance stores",17012,,,,,
1/1/24,442,Furniture and home furnishings stores,9745,,,,,
1/1/24,4421,Furniture stores,5507,,,,,
1/1/24,443,Electronics and appliance stores,7267,,,,,
1/1/24,443141,Household appliance stores,1598,,,,,
1/1/24,443142,Electronics stores,5669,,,,,
1/1/24,444,Building mat. and garden equip. and supplies dealers,32594,,,,,
1/1/24,4441,Building mat. and supplies dealers,28463,,,,,
1/1/24,44412,Paint and wallpaper stores,1130,,,,,
1/1/24,44413,Hardware stores,3011,,,,,
1/1/24,445,Food and beverage stores,79169,,,,,
1/1/24,4451,Grocery stores,72355,,,,,
1/1/24,44511,Supermarkets and other grocery (except convenience) stores,69335,,,,,
1/1/24,4453,"Beer, wine, and liquor stores",4907,,,,,
1/1/24,446,Health and personal care stores,35827,,,,,
1/1/24,44611,Pharmacies and drug stores,30979,,,,,
1/1/24,447,Gasoline stations,46415,,,,,
1/1/24,448,Clothing and clothing access. stores,18472,,,,,
1/1/24,4481,Clothing stores,12991,,,,,
1/1/24,44812,Women's clothing stores,2109,,,,,
1/1/24,44814,Family clothing stores,7652,,,,,
1/1/24,44819,Other clothing stores,1353,,,,,
1/1/24,4482,Shoe stores,2254,,,,,
1/1/24,451,"Sporting goods, hobby, musical instrument, and book stores",6812,,,,,
1/1/24,45111,Sporting goods stores,3962,,,,,
1/1/24,45112,"Hobby, toy, and game stores",1436,,,,,
1/1/24,451211,Book stores,763,,,,,
1/1/24,452,General merchandise stores,66024,,,,,
1/1/24,4522,Department stores,2239,,,,,
1/1/24,45221,Department stores,2239,,,,,
1/1/24,4523,Gen. merchandise stores incl. warehouse clubs & supercenters,63785,,,,,
1/1/24,452311,Warehouse clubs and supercenters,55999,,,,,
1/1/24,452319,All other gen. merchandise stores,7786,,,,,
1/1/24,453,Miscellaneous store retailers,11658,,,,,
1/1/24,4532,"Office supplies, stationery, and gift stores",1763,,,,,
1/1/24,45321,Office supplies and stationery stores,715,,,,,
1/1/24,45322,"Gift, novelty, and souvenir stores",1048,,,,,
1/1/24,45330,Used merchandise stores,1659,,,,,
1/1/24,454,Nonstore retailers,109895,,,,,
1/1/24,4541,Electronic shopping and mail-order houses,100987,,,,,
1/1/24,45431,Fuel dealers,5085,,,,,
1/1/24,722,Food services and drinking places,83093,,,,,
1/1/24,7225,Restaurants and other eating places,75023,,,,,
1/1/24,"722513, 722514, 722515",Limited service eating places,38311,,,,,
2/1/24,,"Retail and food services sales, total",631639,,,,,
2/1/24,,Retail sales and food services excl motor vehicle and parts,507465,,,,,
2/1/24,,Retail sales and food services excl gasoline stations,584265,,,,,
2/1/24,,Retail sales and food services excl motor vehicle and parts and gasoline stations,460091,,,,,
2/1/24,,"Retail sales, total",544169,,,,,
2/1/24,,"Retail sales, total (excl. motor vehicle and parts dealers)",419995,,,,,
2/1/24,,GAFO(1),113984,,,,,
2/1/24,441,Motor vehicle and parts dealers,124174,,,,,
2/1/24,"4411,4412",Automobile and other motor vehicle dealers,114111,,,,,
2/1/24,4411,Automobile dealers,107572,,,,,
2/1/24,44111,New car dealers,95625,,,,,
2/1/24,44112,Used car dealers,11947,,,,,
2/1/24,4413,"Automotive parts, acc., and tire stores",10063,,,,,
2/1/24,"442,443","Furniture, home furn, electronics, and appliance stores",17272,,,,,
2/1/24,442,Furniture and home furnishings stores,10140,,,,,
2/1/24,4421,Furniture stores,5620,,,,,
2/1/24,443,Electronics and appliance stores,7132,,,,,
2/1/24,443141,Household appliance stores,1685,,,,,
2/1/24,443142,Electronics stores,5447,,,,,
2/1/24,444,Building mat. and garden equip. and supplies dealers,33608,,,,,
2/1/24,4441,Building mat. and supplies dealers,29375,,,,,
2/1/24,44412,Paint and wallpaper stores,1243,,,,,
2/1/24,44413,Hardware stores,2864,,,,,
2/1/24,445,Food and beverage stores,76138,,,,,
2/1/24,4451,Grocery stores,68885,,,,,
2/1/24,44511,Supermarkets and other grocery (except convenience) stores,65842,,,,,
2/1/24,4453,"Beer, wine, and liquor stores",5248,,,,,
2/1/24,446,Health and personal care stores,34120,,,,,
2/1/24,44611,Pharmacies and drug stores,28948,,,,,
2/1/24,447,Gasoline stations,47374,,,,,
2/1/24,448,Clothing and clothing access. stores,21169,,,,,
2/1/24,4481,Clothing stores,14492,,,,,
2/1/24,44812,Women's clothing stores,2510,,,,,
2/1/24,44814,Family clothing stores,8482,,,,,
2/1/24,44819,Other clothing stores,1352,,,,,
2/1/24,4482,Shoe stores,2792,,,,,
2/1/24,451,"Sporting goods, hobby, musical instrument, and book stores",6627,,,,,
2/1/24,45111,Sporting goods stores,4025,,,,,
2/1/24,45112,"Hobby, toy, and game stores",1450,,,,,
2/1/24,451211,Book stores,532,,,,,
2/1/24,452,General merchandise stores,67138,,,,,
2/1/24,4522,Department stores,2682,,,,,
2/1/24,45221,Department stores,2682,,,,,
2/1/24,4523,Gen. merchandise stores incl. warehouse clubs & supercenters,64456,,,,,
2/1/24,452311,Warehouse clubs and supercenters,56489,,,,,
2/1/24,452319,All other gen. merchandise stores,7967,,,,,
2/1/24,453,Miscellaneous store retailers,11959,,,,,
2/1/24,4532,"Office supplies, stationery, and gift stores",1778,,,,,
2/1/24,45321,Office supplies and stationery stores,645,,,,,
2/1/24,45322,"Gift, novelty, and souvenir stores",1133,,,,,
2/1/24,45330,Used merchandise stores,1684,,,,,
2/1/24,454,Nonstore retailers,104590,,,,,
2/1/24,4541,Electronic shopping and mail-order houses,96183,,,,,
2/1/24,45431,Fuel dealers,4519,,,,,
2/1/24,722,Food services and drinking places,87470,,,,,
2/1/24,7225,Restaurants and other eating places,78674,,,,,
2/1/24,"722513, 722514, 722515",Limited service eating places,39271,,,,,
3/1/24,,"Retail and food services sales, total",693859,,,,,
3/1/24,,Retail sales and food services excl motor vehicle and parts,555632,,,,,
3/1/24,,Retail sales and food services excl gasoline stations,640798,,,,,
3/1/24,,Retail sales and food services excl motor vehicle and parts and gasoline stations,502571,,,,,
3/1/24,,"Retail sales, total",597695,,,,,
3/1/24,,"Retail sales, total (excl. motor vehicle and parts dealers)",459468,,,,,
3/1/24,,GAFO(1),126993,,,,,
3/1/24,441,Motor vehicle and parts dealers,138227,,,,,
3/1/24,"4411,4412",Automobile and other motor vehicle dealers,126927,,,,,
3/1/24,4411,Automobile dealers,117997,,,,,
3/1/24,44111,New car dealers,105382,,,,,
3/1/24,44112,Used car dealers,12615,,,,,
3/1/24,4413,"Automotive parts, acc., and tire stores",11300,,,,,
3/1/24,"442,443","Furniture, home furn, electronics, and appliance stores",17876,,,,,
3/1/24,442,Furniture and home furnishings stores,10801,,,,,
3/1/24,4421,Furniture stores,5906,,,,,
3/1/24,443,Electronics and appliance stores,7075,,,,,
3/1/24,443141,Household appliance stores,1743,,,,,
3/1/24,443142,Electronics stores,5332,,,,,
3/1/24,444,Building mat. and garden equip. and supplies dealers,38450,,,,,
3/1/24,4441,Building mat. and supplies dealers,33060,,,,,
3/1/24,44412,Paint and wallpaper stores,1384,,,,,
3/1/24,44413,Hardware stores,3245,,,,,
3/1/24,445,Food and beverage stores,82534,,,,,
3/1/24,4451,Grocery stores,74506,,,,,
3/1/24,44511,Supermarkets and other grocery (except convenience) stores,71227,,,,,
3/1/24,4453,"Beer, wine, and liquor stores",5765,,,,,
3/1/24,446,Health and personal care stores,35660,,,,,
3/1/24,44611,Pharmacies and drug stores,29950,,,,,
3/1/24,447,Gasoline stations,53061,,,,,
3/1/24,448,Clothing and clothing access. stores,24109,,,,,
3/1/24,4481,Clothing stores,17315,,,,,
3/1/24,44812,Women's clothing stores,3095,,,,,
3/1/24,44814,Family clothing stores,10346,,,,,
3/1/24,44819,Other clothing stores,1453,,,,,
3/1/24,4482,Shoe stores,3202,,,,,
3/1/24,451,"Sporting goods, hobby, musical instrument, and book stores",7691,,,,,
3/1/24,45111,Sporting goods stores,4866,,,,,
3/1/24,45112,"Hobby, toy, and game stores",1594,,,,,
3/1/24,451211,Book stores,567,,,,,
3/1/24,452,General merchandise stores,75370,,,,,
3/1/24,4522,Department stores,3021,,,,,
3/1/24,45221,Department stores,3021,,,,,
3/1/24,4523,Gen. merchandise stores incl. warehouse clubs & supercenters,72349,,,,,
3/1/24,452311,Warehouse clubs and supercenters,63458,,,,,
3/1/24,452319,All other gen. merchandise stores,8891,,,,,
3/1/24,453,Miscellaneous store retailers,13325,,,,,
3/1/24,4532,"Office supplies, stationery, and gift stores",1947,,,,,
3/1/24,45321,Office supplies and stationery stores,646,,,,,
3/1/24,45322,"Gift, novelty, and souvenir stores",1301,,,,,
3/1/24,45330,Used merchandise stores,1911,,,,,
3/1/24,454,Nonstore retailers,111392,,,,,
3/1/24,4541,Electronic shopping and mail-order houses,103746,,,,,
3/1/24,45431,Fuel dealers,3533,,,,,
3/1/24,722,Food services and drinking places,96164,,,,,
3/1/24,7225,Restaurants and other eating places,86532,,,,,
3/1/24,"722513, 722514, 722515",Limited service eating places,43457,,,,,
4/1/24,,"Retail and food services sales, total",686711,,,,,
4/1/24,,Retail sales and food services excl motor vehicle and parts,550302,,,,,
4/1/24,,Retail sales and food services excl gasoline stations,631759,,,,,
4/1/24,,Retail sales and food services excl motor vehicle and parts and gasoline stations,495350,,,,,
4/1/24,,"Retail sales, total",593774,,,,,
4/1/24,,"Retail sales, total (excl. motor vehicle and parts dealers)",457365,,,,,
4/1/24,,GAFO(1),119815,,,,,
4/1/24,441,Motor vehicle and parts dealers,136409,,,,,
4/1/24,"4411,4412",Automobile and other motor vehicle dealers,124949,,,,,
4/1/24,4411,Automobile dealers,115912,,,,,
4/1/24,44111,New car dealers,103570,,,,,
4/1/24,44112,Used car dealers,12342,,,,,
4/1/24,4413,"Automotive parts, acc., and tire stores",11460,,,,,
4/1/24,"442,443","Furniture, home furn, electronics, and appliance stores",17235,,,,,
4/1/24,442,Furniture and home furnishings stores,10388,,,,,
4/1/24,4421,Furniture stores,5480,,,,,
4/1/24,443,Electronics and appliance stores,6847,,,,,
4/1/24,443141,Household appliance stores,1716,,,,,
4/1/24,443142,Electronics stores,5131,,,,,
4/1/24,444,Building mat. and garden equip. and supplies dealers,44528,,,,,
4/1/24,4441,Building mat. and supplies dealers,37865,,,,,
4/1/24,44412,Paint and wallpaper stores,1527,,,,,
4/1/24,44413,Hardware stores,3653,,,,,
4/1/24,445,Food and beverage stores,78180,,,,,
4/1/24,4451,Grocery stores,70496,,,,,
4/1/24,44511,Supermarkets and other grocery (except convenience) stores,67129,,,,,
4/1/24,4453,"Beer, wine, and liquor stores",5539,,,,,
4/1/24,446,Health and personal care stores,35349,,,,,
4/1/24,44611,Pharmacies and drug stores,30135,,,,,
4/1/24,447,Gasoline stations,54952,,,,,
4/1/24,448,Clothing and clothing access. stores,23150,,,,,
4/1/24,4481,Clothing stores,16628,,,,,
4/1/24,44812,Women's clothing stores,2866,,,,,
4/1/24,44814,Family clothing stores,9964,,,,,
4/1/24,44819,Other clothing stores,1401,,,,,
4/1/24,4482,Shoe stores,2924,,,,,
4/1/24,451,"Sporting goods, hobby, musical instrument, and book stores",7056,,,,,
4/1/24,45111,Sporting goods stores,4459,,,,,
4/1/24,45112,"Hobby, toy, and game stores",1404,,,,,
4/1/24,451211,Book stores,567,,,,,
4/1/24,452,General merchandise stores,70405,,,,,
4/1/24,4522,Department stores,3060,,,,,
4/1/24,45221,Department stores,3060,,,,,
4/1/24,4523,Gen. merchandise stores incl. warehouse clubs & supercenters,67345,,,,,
4/1/24,452311,Warehouse clubs and supercenters,58757,,,,,
4/1/24,452319,All other gen. merchandise stores,8588,,,,,
4/1/24,453,Miscellaneous store retailers,13684,,,,,
4/1/24,4532,"Office supplies, stationery, and gift stores",1969,,,,,
4/1/24,45321,Office supplies and stationery stores,634,,,,,
4/1/24,45322,"Gift, novelty, and souvenir stores",1335,,,,,
4/1/24,45330,Used merchandise stores,1777,,,,,
4/1/24,454,Nonstore retailers,112826,,,,,
4/1/24,4541,Electronic shopping and mail-order houses,105800,,,,,
4/1/24,45431,Fuel dealers,3076,,,,,
4/1/24,722,Food services and drinking places,92937,,,,,
4/1/24,7225,Restaurants and other eating places,83201,,,,,
4/1/24,"722513, 722514, 722515",Limited service eating places,42777,,,,,
5/1/24,,"Retail and food services sales, total",730332,,,,,
5/1/24,,Retail sales and food services excl motor vehicle and parts,587999,,,,,
5/1/24,,Retail sales and food services excl gasoline stations,672706,,,,,
5/1/24,,Retail sales and food services excl motor vehicle and parts and gasoline stations,530373,,,,,
5/1/24,,"Retail sales, total",631832,,,,,
5/1/24,,"Retail sales, total (excl. motor vehicle and parts dealers)",489499,,,,,
5/1/24,,GAFO(1),132511,,,,,
5/1/24,441,Motor vehicle and parts dealers,142333,,,,,
5/1/24,"4411,4412",Automobile and other motor vehicle dealers,130492,,,,,
5/1/24,4411,Automobile dealers,120497,,,,,
5/1/24,44111,New car dealers,107993,,,,,
5/1/24,44112,Used car dealers,12504,,,,,
5/1/24,4413,"Automotive parts, acc., and tire stores",11841,,,,,
5/1/24,"442,443","Furniture, home furn, electronics, and appliance stores",18690,,,,,
5/1/24,442,Furniture and home furnishings stores,11186,,,,,
5/1/24,4421,Furniture stores,5918,,,,,
5/1/24,443,Electronics and appliance stores,7504,,,,,
5/1/24,443141,Household appliance stores,1848,,,,,
5/1/24,443142,Electronics stores,5656,,,,,
5/1/24,444,Building mat. and garden equip. and supplies dealers,48136,,,,,
5/1/24,4441,Building mat. and supplies dealers,41009,,,,,
5/1/24,44412,Paint and wallpaper stores,1611,,,,,
5/1/24,44413,Hardware stores,3997,,,,,
5/1/24,445,Food and beverage stores,85100,,,,,
5/1/24,4451,Grocery stores,76465,,,,,
5/1/24,44511,Supermarkets and other grocery (except convenience) stores,72882,,,,,
5/1/24,4453,"Beer, wine, and liquor stores",6264,,,,,
5/1/24,446,Health and personal care stores,36676,,,,,
5/1/24,44611,Pharmacies and drug stores,31177,,,,,
5/1/24,447,Gasoline stations,57626,,,,,
5/1/24,448,Clothing and clothing access. stores,26511,,,,,
5/1/24,4481,Clothing stores,18808,,,,,
5/1/24,44812,Women's clothing stores,3160,,,,,
5/1/24,44814,Family clothing stores,11420,,,,,
5/1/24,44819,Other clothing stores,1497,,,,,
5/1/24,4482,Shoe stores,3252,,,,,
5/1/24,451,"Sporting goods, hobby, musical instrument, and book stores",7718,,,,,
5/1/24,45111,Sporting goods stores,4999,,,,,
5/1/24,45112,"Hobby, toy, and game stores",1474,,,,,
5/1/24,451211,Book stores,602,,,,,
5/1/24,452,General merchandise stores,77335,,,,,
5/1/24,4522,Department stores,3418,,,,,
5/1/24,45221,Department stores,3418,,,,,
5/1/24,4523,Gen. merchandise stores incl. warehouse clubs & supercenters,73917,,,,,
5/1/24,452311,Warehouse clubs and supercenters,64427,,,,,
5/1/24,452319,All other gen. merchandise stores,9490,,,,,
5/1/24,453,Miscellaneous store retailers,14787,,,,,
5/1/24,4532,"Office supplies, stationery, and gift stores",2257,,,,,
5/1/24,45321,Office supplies and stationery stores,628,,,,,
5/1/24,45322,"Gift, novelty, and souvenir stores",1629,,,,,
5/1/24,45330,Used merchandise stores,1938,,,,,
5/1/24,454,Nonstore retailers,116920,,,,,
5/1/24,4541,Electronic shopping and mail-order houses,110378,,,,,
5/1/24,45431,Fuel dealers,2318,,,,,
5/1/24,722,Food services and drinking places,98500,,,,,
5/1/24,7225,Restaurants and other eating places,88733,,,,,
5/1/24,"722513, 722514, 722515",Limited service eating places,45004,,,,,
6/1/24,,"Retail and food services sales, total",688151,,,,,
6/1/24,,Retail sales and food services excl motor vehicle and parts,559930,,,,,
6/1/24,,Retail sales and food services excl gasoline stations,632808,,,,,
6/1/24,,Retail sales and food services excl motor vehicle and parts and gasoline stations,504587,,,,,
6/1/24,,"Retail sales, total",592999,,,,,
6/1/24,,"Retail sales, total (excl. motor vehicle and parts dealers)",464778,,,,,
6/1/24,,GAFO(1),127152,,,,,
6/1/24,441,Motor vehicle and parts dealers,128221,,,,,
6/1/24,"4411,4412",Automobile and other motor vehicle dealers,116858,,,,,
6/1/24,4411,Automobile dealers,107471,,,,,
6/1/24,44111,New car dealers,95929,,,,,
6/1/24,44112,Used car dealers,11542,,,,,
6/1/24,4413,"Automotive parts, acc., and tire stores",11363,,,,,
6/1/24,"442,443","Furniture, home furn, electronics, and appliance stores",17744,,,,,
6/1/24,442,Furniture and home furnishings stores,10597,,,,,
6/1/24,4421,Furniture stores,5797,,,,,
6/1/24,443,Electronics and appliance stores,7147,,,,,
6/1/24,443141,Household appliance stores,1830,,,,,
6/1/24,443142,Electronics stores,5317,,,,,
6/1/24,444,Building mat. and garden equip. and supplies dealers,43334,,,,,
6/1/24,4441,Building mat. and supplies dealers,37435,,,,,
6/1/24,44412,Paint and wallpaper stores,1559,,,,,
6/1/24,44413,Hardware stores,3830,,,,,
6/1/24,445,Food and beverage stores,82105,,,,,
6/1/24,4451,Grocery stores,73686,,,,,
6/1/24,44511,Supermarkets and other grocery (except convenience) stores,70257,,,,,
6/1/24,4453,"Beer, wine, and liquor stores",6155,,,,,
6/1/24,446,Health and personal care stores,35084,,,,,
6/1/24,44611,Pharmacies and drug stores,29605,,,,,
6/1/24,447,Gasoline stations,55343,,,,,
6/1/24,448,Clothing and clothing access. stores,24285,,,,,
6/1/24,4481,Clothing stores,17406,,,,,
6/1/24,44812,Women's clothing stores,2680,,,,,
6/1/24,44814,Family clothing stores,10801,,,,,
6/1/24,44819,Other clothing stores,1609,,,,,
6/1/24,4482,Shoe stores,2995,,,,,
6/1/24,451,"Sporting goods, hobby, musical instrument, and book stores",7846,,,,,
6/1/24,45111,Sporting goods stores,5256,,,,,
6/1/24,45112,"Hobby, toy, and game stores",1421,,,,,
6/1/24,451211,Book stores,563,,,,,
6/1/24,452,General merchandise stores,74844,,,,,
6/1/24,4522,Department stores,3061,,,,,
6/1/24,45221,Department stores,3061,,,,,
6/1/24,4523,Gen. merchandise stores incl. warehouse clubs & supercenters,71783,,,,,
6/1/24,452311,Warehouse clubs and supercenters,62989,,,,,
6/1/24,452319,All other gen. merchandise stores,8794,,,,,
6/1/24,453,Miscellaneous store retailers,14019,,,,,
6/1/24,4532,"Office supplies, stationery, and gift stores",2433,,,,,
6/1/24,45321,Office supplies and stationery stores,581,,,,,
6/1/24,45322,"Gift, novelty, and souvenir stores",1852,,,,,
6/1/24,45330,Used merchandise stores,1765,,,,,
6/1/24,454,Nonstore retailers,110174,,,,,
6/1/24,4541,Electronic shopping and mail-order houses,104456,,,,,
6/1/24,45431,Fuel dealers,1863,,,,,
6/1/24,722,Food services and drinking places,95152,,,,,
6/1/24,7225,Restaurants and other eating places,86442,,,,,
6/1/24,"722513, 722514, 722515",Limited service eating places,43941,,,,,
7/1/24,,"Retail and food services sales, total",713406,,,,,
7/1/24,,Retail sales and food services excl motor vehicle and parts,575432,,,,,
7/1/24,,Retail sales and food services excl gasoline stations,655919,,,,,
7/1/24,,Retail sales and food services excl motor vehicle and parts and gasoline stations,517945,,,,,
7/1/24,,"Retail sales, total",618432,,,,,
7/1/24,,"Retail sales, total (excl. motor vehicle and parts dealers)",480458,,,,,
7/1/24,,GAFO(1),127872,,,,,
7/1/24,441,Motor vehicle and parts dealers,137974,,,,,
7/1/24,"4411,4412",Automobile and other motor vehicle dealers,126311,,,,,
7/1/24,4411,Automobile dealers,117252,,,,,
7/1/24,44111,New car dealers,105061,,,,,
7/1/24,44112,Used car dealers,12191,,,,,
7/1/24,4413,"Automotive parts, acc., and tire stores",11663,,,,,
7/1/24,"442,443","Furniture, home furn, electronics, and appliance stores",18635,,,,,
7/1/24,442,Furniture and home furnishings stores,11145,,,,,
7/1/24,4421,Furniture stores,6065,,,,,
7/1/24,443,Electronics and appliance stores,7490,,,,,
7/1/24,443141,Household appliance stores,1913,,,,,
7/1/24,443142,Electronics stores,5577,,,,,
7/1/24,444,Building mat. and garden equip. and supplies dealers,43769,,,,,
7/1/24,4441,Building mat. and supplies dealers,38843,,,,,
7/1/24,44412,Paint and wallpaper stores,1594,,,,,
7/1/24,44413,Hardware stores,3636,,,,,
7/1/24,445,Food and beverage stores,84500,,,,,
7/1/24,4451,Grocery stores,75931,,,,,
7/1/24,44511,Supermarkets and other grocery (except convenience) stores,72602,,,,,
7/1/24,4453,"Beer, wine, and liquor stores",6256,,,,,
7/1/24,446,Health and personal care stores,37310,,,,,
7/1/24,44611,Pharmacies and drug stores,32163,,,,,
7/1/24,447,Gasoline stations,57487,,,,,
7/1/24,448,Clothing and clothing access. stores,24575,,,,,
7/1/24,4481,Clothing stores,17528,,,,,
7/1/24,44812,Women's clothing stores,2750,,,,,
7/1/24,44814,Family clothing stores,10951,,,,,
7/1/24,44819,Other clothing stores,1547,,,,,
7/1/24,4482,Shoe stores,3487,,,,,
7/1/24,451,"Sporting goods, hobby, musical instrument, and book stores",7695,,,,,
7/1/24,45111,Sporting goods stores,5072,,,,,
7/1/24,45112,"Hobby, toy, and game stores",1445,,,,,
7/1/24,451211,Book stores,558,,,,,
7/1/24,452,General merchandise stores,74570,,,,,
7/1/24,4522,Department stores,2913,,,,,
7/1/24,45221,Department stores,2913,,,,,
7/1/24,4523,Gen. merchandise stores incl. warehouse clubs & supercenters,71657,,,,,
7/1/24,452311,Warehouse clubs and supercenters,63184,,,,,
7/1/24,452319,All other gen. merchandise stores,8473,,,,,
7/1/24,453,Miscellaneous store retailers,13785,,,,,
7/1/24,4532,"Office supplies, stationery, and gift stores",2397,,,,,
7/1/24,45321,Office supplies and stationery stores,680,,,,,
7/1/24,45322,"Gift, novelty, and souvenir stores",1717,,,,,
7/1/24,45330,Used merchandise stores,1805,,,,,
7/1/24,454,Nonstore retailers,118132,,,,,
7/1/24,4541,Electronic shopping and mail-order houses,112055,,,,,
7/1/24,45431,Fuel dealers,2052,,,,,
7/1/24,722,Food services and drinking places,94974,,,,,
7/1/24,7225,Restaurants and other eating places,86750,,,,,
7/1/24,"722513, 722514, 722515",Limited service eating places,44532,,,,,
8/1/24,,"Retail and food services sales, total",720251,,,,,
8/1/24,,Retail sales and food services excl motor vehicle and parts,579418,,,,,
8/1/24,,Retail sales and food services excl gasoline stations,663381,,,,,
8/1/24,,Retail sales and food services excl motor vehicle and parts and gasoline stations,522548,,,,,
8/1/24,,"Retail sales, total",622421,,,,,
8/1/24,,"Retail sales, total (excl. motor vehicle and parts dealers)",481588,,,,,
8/1/24,,GAFO(1),134695,,,,,
8/1/24,441,Motor vehicle and parts dealers,140833,,,,,
8/1/24,"4411,4412",Automobile and other motor vehicle dealers,128817,,,,,
8/1/24,4411,Automobile dealers,120609,,,,,
8/1/24,44111,New car dealers,108124,,,,,
8/1/24,44112,Used car dealers,12485,,,,,
8/1/24,4413,"Automotive parts, acc., and tire stores",12016,,,,,
8/1/24,"442,443","Furniture, home furn, electronics, and appliance stores",19191,,,,,
8/1/24,442,Furniture and home furnishings stores,11679,,,,,
8/1/24,4421,Furniture stores,6239,,,,,
8/1/24,443,Electronics and appliance stores,7512,,,,,
8/1/24,443141,Household appliance stores,1873,,,,,
8/1/24,443142,Electronics stores,5639,,,,,
8/1/24,444,Building mat. and garden equip. and supplies dealers,42578,,,,,
8/1/24,4441,Building mat. and supplies dealers,37893,,,,,
8/1/24,44412,Paint and wallpaper stores,1628,,,,,
8/1/24,44413,Hardware stores,3791,,,,,
8/1/24,445,Food and beverage stores,84417,,,,,
8/1/24,4451,Grocery stores,75923,,,,,
8/1/24,44511,Supermarkets and other grocery (except convenience) stores,72625,,,,,
8/1/24,4453,"Beer, wine, and liquor stores",6203,,,,,
8/1/24,446,Health and personal care stores,38017,,,,,
8/1/24,44611,Pharmacies and drug stores,32405,,,,,
8/1/24,447,Gasoline stations,56870,,,,,
8/1/24,448,Clothing and clothing access. stores,26262,,,,,
8/1/24,4481,Clothing stores,18518,,,,,
8/1/24,44812,Women's clothing stores,2836,,,,,
8/1/24,44814,Family clothing stores,11621,,,,,
8/1/24,44819,Other clothing stores,1674,,,,,
8/1/24,4482,Shoe stores,4100,,,,,
8/1/24,451,"Sporting goods, hobby, musical instrument, and book stores",8550,,,,,
8/1/24,45111,Sporting goods stores,5392,,,,,
8/1/24,45112,"Hobby, toy, and game stores",1615,,,,,
8/1/24,451211,Book stores,837,,,,,
8/1/24,452,General merchandise stores,78018,,,,,
8/1/24,4522,Department stores,3106,,,,,
8/1/24,45221,Department stores,3106,,,,,
8/1/24,4523,Gen. merchandise stores incl. warehouse clubs & supercenters,74912,,,,,
8/1/24,452311,Warehouse clubs and supercenters,66086,,,,,
8/1/24,452319,All other gen. merchandise stores,8826,,,,,
8/1/24,453,Miscellaneous store retailers,14077,,,,,
8/1/24,4532,"Office supplies, stationery, and gift stores",2674,,,,,
8/1/24,45321,Office supplies and stationery stores,853,,,,,
8/1/24,45322,"Gift, novelty, and souvenir stores",1821,,,,,
8/1/24,45330,Used merchandise stores,1829,,,,,
8/1/24,454,Nonstore retailers,113608,,,,,
8/1/24,4541,Electronic shopping and mail-order houses,107648,,,,,
8/1/24,45431,Fuel dealers,2127,,,,,
8/1/24,722,Food services and drinking places,97830,,,,,
8/1/24,7225,Restaurants and other eating places,88263,,,,,
8/1/24,"722513, 722514, 722515",Limited service eating places,44705,,,,,
9/1/24,,"Retail and food services sales, total",670818,,,,,
9/1/24,,Retail sales and food services excl motor vehicle and parts,544692,,,,,
9/1/24,,Retail sales and food services excl gasoline stations,619558,,,,,
9/1/24,,Retail sales and food services excl motor vehicle and parts and gasoline stations,493432,,,,,
9/1/24,,"Retail sales, total",579083,,,,,
9/1/24,,"Retail sales, total (excl. motor vehicle and parts dealers)",452957,,,,,
9/1/24,,GAFO(1),121284,,,,,
9/1/24,441,Motor vehicle and parts dealers,126126,,,,,
9/1/24,"4411,4412",Automobile and other motor vehicle dealers,115109,,,,,
9/1/24,4411,Automobile dealers,107919,,,,,
9/1/24,44111,New car dealers,96459,,,,,
9/1/24,44112,Used car dealers,11460,,,,,
9/1/24,4413,"Automotive parts, acc., and tire stores",11017,,,,,
9/1/24,"442,443","Furniture, home furn, electronics, and appliance stores",17921,,,,,
9/1/24,442,Furniture and home furnishings stores,11038,,,,,
9/1/24,4421,Furniture stores,6006,,,,,
9/1/24,443,Electronics and appliance stores,6883,,,,,
9/1/24,443141,Household appliance stores,1735,,,,,
9/1/24,443142,Electronics stores,5148,,,,,
9/1/24,444,Building mat. and garden equip. and supplies dealers,40035,,,,,
9/1/24,4441,Building mat. and supplies dealers,35365,,,,,
9/1/24,44412,Paint and wallpaper stores,1488,,,,,
9/1/24,44413,Hardware stores,3312,,,,,
9/1/24,445,Food and beverage stores,80422,,,,,
9/1/24,4451,Grocery stores,72532,,,,,
9/1/24,44511,Supermarkets and other grocery (except convenience) stores,69540,,,,,
9/1/24,4453,"Beer, wine, and liquor stores",5658,,,,,
9/1/24,446,Health and personal care stores,37708,,,,,
9/1/24,44611,Pharmacies and drug stores,32488,,,,,
9/1/24,447,Gasoline stations,51260,,,,,
9/1/24,448,Clothing and clothing access. stores,22259,,,,,
9/1/24,4481,Clothing stores,15870,,,,,
9/1/24,44812,Women's clothing stores,2479,,,,,
9/1/24,44814,Family clothing stores,9852,,,,,
9/1/24,44819,Other clothing stores,1332,,,,,
9/1/24,4482,Shoe stores,2743,,,,,
9/1/24,451,"Sporting goods, hobby, musical instrument, and book stores",7455,,,,,
9/1/24,45111,Sporting goods stores,4445,,,,,
9/1/24,45112,"Hobby, toy, and game stores",1594,,,,,
9/1/24,451211,Book stores,734,,,,,
9/1/24,452,General merchandise stores,71270,,,,,
9/1/24,4522,Department stores,2848,,,,,
9/1/24,45221,Department stores,2848,,,,,
9/1/24,4523,Gen. merchandise stores incl. warehouse clubs & supercenters,68422,,,,,
9/1/24,452311,Warehouse clubs and supercenters,60039,,,,,
9/1/24,452319,All other gen. merchandise stores,8383,,,,,
9/1/24,453,Miscellaneous store retailers,13672,,,,,
9/1/24,4532,"Office supplies, stationery, and gift stores",2379,,,,,
9/1/24,45321,Office supplies and stationery stores,636,,,,,
9/1/24,45322,"Gift, novelty, and souvenir stores",1743,,,,,
9/1/24,45330,Used merchandise stores,1907,,,,,
9/1/24,454,Nonstore retailers,110955,,,,,
9/1/24,4541,Electronic shopping and mail-order houses,104934,,,,,
9/1/24,45431,Fuel dealers,2217,,,,,
9/1/24,722,Food services and drinking places,91735,,,,,
9/1/24,7225,Restaurants and other eating places,81563,,,,,
9/1/24,"722513, 722514, 722515",Limited service eating places,41206,,,,,
10/1/24,,"Retail and food services sales, total",718256,,,,,
10/1/24,,Retail sales and food services excl motor vehicle and parts,582855,,,,,
10/1/24,,Retail sales and food services excl gasoline stations,664415,,,,,
10/1/24,,Retail sales and food services excl motor vehicle and parts and gasoline stations,529014,,,,,
10/1/24,,"Retail sales, total",622738,,,,,
10/1/24,,"Retail sales, total (excl. motor vehicle and parts dealers)",487337,,,,,
10/1/24,,GAFO(1),129133,,,,,
10/1/24,441,Motor vehicle and parts dealers,135401,,,,,
10/1/24,"4411,4412",Automobile and other motor vehicle dealers,123583,,,,,
10/1/24,4411,Automobile dealers,116475,,,,,
10/1/24,44111,New car dealers,104905,,,,,
10/1/24,44112,Used car dealers,11570,,,,,
10/1/24,4413,"Automotive parts, acc., and tire stores",11818,,,,,
10/1/24,"442,443","Furniture, home furn, electronics, and appliance stores",18418,,,,,
10/1/24,442,Furniture and home furnishings stores,11194,,,,,
10/1/24,4421,Furniture stores,5942,,,,,
10/1/24,443,Electronics and appliance stores,7224,,,,,
10/1/24,443141,Household appliance stores,1772,,,,,
10/1/24,443142,Electronics stores,5452,,,,,
10/1/24,444,Building mat. and garden equip. and supplies dealers,44693,,,,,
10/1/24,4441,Building mat. and supplies dealers,39092,,,,,
10/1/24,44412,Paint and wallpaper stores,1580,,,,,
10/1/24,44413,Hardware stores,3653,,,,,
10/1/24,445,Food and beverage stores,83983,,,,,
10/1/24,4451,Grocery stores,75667,,,,,
10/1/24,44511,Supermarkets and other grocery (except convenience) stores,72588,,,,,
10/1/24,4453,"Beer, wine, and liquor stores",5987,,,,,
10/1/24,446,Health and personal care stores,39647,,,,,
10/1/24,44611,Pharmacies and drug stores,34481,,,,,
10/1/24,447,Gasoline stations,53841,,,,,
10/1/24,448,Clothing and clothing access. stores,24359,,,,,
10/1/24,4481,Clothing stores,17564,,,,,
10/1/24,44812,Women's clothing stores,2665,,,,,
10/1/24,44814,Family clothing stores,11072,,,,,
10/1/24,44819,Other clothing stores,1402,,,,,
10/1/24,4482,Shoe stores,2855,,,,,
10/1/24,451,"Sporting goods, hobby, musical instrument, and book stores",7552,,,,,
10/1/24,45111,Sporting goods stores,4489,,,,,
10/1/24,45112,"Hobby, toy, and game stores",1789,,,,,
10/1/24,451211,Book stores,560,,,,,
10/1/24,452,General merchandise stores,75941,,,,,
10/1/24,4522,Department stores,3061,,,,,
10/1/24,45221,Department stores,3061,,,,,
10/1/24,4523,Gen. merchandise stores incl. warehouse clubs & supercenters,72880,,,,,
10/1/24,452311,Warehouse clubs and supercenters,63801,,,,,
10/1/24,452319,All other gen. merchandise stores,9079,,,,,
10/1/24,453,Miscellaneous store retailers,14910,,,,,
10/1/24,4532,"Office supplies, stationery, and gift stores",2863,,,,,
10/1/24,45321,Office supplies and stationery stores,614,,,,,
10/1/24,45322,"Gift, novelty, and souvenir stores",2249,,,,,
10/1/24,45330,Used merchandise stores,1969,,,,,
10/1/24,454,Nonstore retailers,123993,,,,,
10/1/24,4541,Electronic shopping and mail-order houses,116723,,,,,
10/1/24,45431,Fuel dealers,3049,,,,,
10/1/24,722,Food services and drinking places,95518,,,,,
10/1/24,7225,Restaurants and other eating places,84944,,,,,
10/1/24,"722513, 722514, 722515",Limited service eating places,43287,,,,,
11/1/24,,"Retail and food services sales, total",722947,,,,,
11/1/24,,Retail sales and food services excl motor vehicle and parts,590881,,,,,
11/1/24,,Retail sales and food services excl gasoline stations,673923,,,,,
11/1/24,,Retail sales and food services excl motor vehicle and parts and gasoline stations,541857,,,,,
11/1/24,,"Retail sales, total",630399,,,,,
11/1/24,,"Retail sales, total (excl. motor vehicle and parts dealers)",498333,,,,,
11/1/24,,GAFO(1),141622,,,,,
11/1/24,441,Motor vehicle and parts dealers,132066,,,,,
11/1/24,"4411,4412",Automobile and other motor vehicle dealers,121093,,,,,
11/1/24,4411,Automobile dealers,114966,,,,,
11/1/24,44111,New car dealers,104010,,,,,
11/1/24,44112,Used car dealers,10956,,,,,
11/1/24,4413,"Automotive parts, acc., and tire stores",10973,,,,,
11/1/24,"442,443","Furniture, home furn, electronics, and appliance stores",21117,,,,,
11/1/24,442,Furniture and home furnishings stores,12345,,,,,
11/1/24,4421,Furniture stores,6628,,,,,
11/1/24,443,Electronics and appliance stores,8772,,,,,
11/1/24,443141,Household appliance stores,1780,,,,,
11/1/24,443142,Electronics stores,6992,,,,,
11/1/24,444,Building mat. and garden equip. and supplies dealers,39856,,,,,
11/1/24,4441,Building mat. and supplies dealers,35115,,,,,
11/1/24,44412,Paint and wallpaper stores,1242,,,,,
11/1/24,44413,Hardware stores,3488,,,,,
11/1/24,445,Food and beverage stores,85222,,,,,
11/1/24,4451,Grocery stores,76232,,,,,
11/1/24,44511,Supermarkets and other grocery (except convenience) stores,73376,,,,,
11/1/24,4453,"Beer, wine, and liquor stores",6453,,,,,
11/1/24,446,Health and personal care stores,37285,,,,,
11/1/24,44611,Pharmacies and drug stores,31695,,,,,
11/1/24,447,Gasoline stations,49024,,,,,
11/1/24,448,Clothing and clothing access. stores,28716,,,,,
11/1/24,4481,Clothing stores,21142,,,,,
11/1/24,44812,Women's clothing stores,3249,,,,,
11/1/24,44814,Family clothing stores,13575,,,,,
11/1/24,44819,Other clothing stores,1572,,,,,
11/1/24,4482,Shoe stores,3303,,,,,
11/1/24,451,"Sporting goods, hobby, musical instrument, and book stores",8959,,,,,
11/1/24,45111,Sporting goods stores,4885,,,,,
11/1/24,45112,"Hobby, toy, and game stores",2772,,,,,
11/1/24,451211,Book stores,574,,,,,
11/1/24,452,General merchandise stores,80808,,,,,
11/1/24,4522,Department stores,4264,,,,,
11/1/24,45221,Department stores,4264,,,,,
11/1/24,4523,Gen. merchandise stores incl. warehouse clubs & supercenters,76544,,,,,
11/1/24,452311,Warehouse clubs and supercenters,66677,,,,,
11/1/24,452319,All other gen. merchandise stores,9867,,,,,
11/1/24,453,Miscellaneous store retailers,12975,,,,,
11/1/24,4532,"Office supplies, stationery, and gift stores",2022,,,,,
11/1/24,45321,Office supplies and stationery stores,560,,,,,
11/1/24,45322,"Gift, novelty, and souvenir stores",1462,,,,,
11/1/24,45330,Used merchandise stores,1850,,,,,
11/1/24,454,Nonstore retailers,134371,,,,,
11/1/24,4541,Electronic shopping and mail-order houses,127836,,,,,
11/1/24,45431,Fuel dealers,2926,,,,,
11/1/24,722,Food services and drinking places,92548,,,,,
11/1/24,7225,Restaurants and other eating places,82774,,,,,
11/1/24,"722513, 722514, 722515",Limited service eating places,40963,,,,,
12/1/24,,"Retail and food services sales, total",786673,,,,,
12/1/24,,Retail sales and food services excl motor vehicle and parts,648793,,,,,
12/1/24,,Retail sales and food services excl gasoline stations,738414,,,,,
12/1/24,,Retail sales and food services excl motor vehicle and parts and gasoline stations,600534,,,,,
12/1/24,,"Retail sales, total",691312,,,,,
12/1/24,,"Retail sales, total (excl. motor vehicle and parts dealers)",553432,,,,,
12/1/24,,GAFO(1),169748,,,,,
12/1/24,441,Motor vehicle and parts dealers,137880,,,,,
12/1/24,"4411,4412",Automobile and other motor vehicle dealers,127279,,,,,
12/1/24,4411,Automobile dealers,121552,,,,,
12/1/24,44111,New car dealers,110693,,,,,
12/1/24,44112,Used car dealers,10859,,,,,
12/1/24,4413,"Automotive parts, acc., and tire stores",10601,,,,,
12/1/24,"442,443","Furniture, home furn, electronics, and appliance stores",22785,,,,,
12/1/24,442,Furniture and home furnishings stores,12455,,,,,
12/1/24,4421,Furniture stores,6674,,,,,
12/1/24,443,Electronics and appliance stores,10330,,,,,
12/1/24,443141,Household appliance stores,1747,,,,,
12/1/24,443142,Electronics stores,8583,,,,,
12/1/24,444,Building mat. and garden equip. and supplies dealers,36876,,,,,
12/1/24,4441,Building mat. and supplies dealers,31874,,,,,
12/1/24,44412,Paint and wallpaper stores,1124,,,,,
12/1/24,44413,Hardware stores,3382,,,,,
12/1/24,445,Food and beverage stores,89736,,,,,
12/1/24,4451,Grocery stores,78601,,,,,
12/1/24,44511,Supermarkets and other grocery (except convenience) stores,75640,,,,,
12/1/24,4453,"Beer, wine, and liquor stores",7854,,,,,
12/1/24,446,Health and personal care stores,42257,,,,,
12/1/24,44611,Pharmacies and drug stores,34925,,,,,
12/1/24,447,Gasoline stations,48259,,,,,
12/1/24,448,Clothing and clothing access. stores,39876,,,,,
12/1/24,4481,Clothing stores,26462,,,,,
12/1/24,44812,Women's clothing stores,3756,,,,,
12/1/24,44814,Family clothing stores,16880,,,,,
12/1/24,44819,Other clothing stores,1944,,,,,
12/1/24,4482,Shoe stores,4580,,,,,
12/1/24,451,"Sporting goods, hobby, musical instrument, and book stores",11543,,,,,
12/1/24,45111,Sporting goods stores,6875,,,,,
12/1/24,45112,"Hobby, toy, and game stores",2856,,,,,
12/1/24,451211,Book stores,1000,,,,,
12/1/24,452,General merchandise stores,92765,,,,,
12/1/24,4522,Department stores,5946,,,,,
12/1/24,45221,Department stores,5946,,,,,
12/1/24,4523,Gen. merchandise stores incl. warehouse clubs & supercenters,86819,,,,,
12/1/24,452311,Warehouse clubs and supercenters,75748,,,,,
12/1/24,452319,All other gen. merchandise stores,11071,,,,,
12/1/24,453,Miscellaneous store retailers,14668,,,,,
12/1/24,4532,"Office supplies, stationery, and gift stores",2779,,,,,
12/1/24,45321,Office supplies and stationery stores,620,,,,,
12/1/24,45322,"Gift, novelty, and souvenir stores",2159,,,,,
12/1/24,45330,Used merchandise stores,1888,,,,,
12/1/24,454,Nonstore retailers,154667,,,,,
12/1/24,4541,Electronic shopping and mail-order houses,146567,,,,,
12/1/24,45431,Fuel dealers,4540,,,,,
12/1/24,722,Food services and drinking places,95361,,,,,
12/1/24,7225,Restaurants and other eating places,86161,,,,,
12/1/24,"722513, 722514, 722515",Limited service eating places,41581,,,,,
1/1/23,,"Retail and food services sales, total",616100,,,,,
1/1/23,,Retail sales and food services excl motor vehicle and parts,500486,,,,,
1/1/23,,Retail sales and food services excl gasoline stations,566132,,,,,
1/1/23,,Retail sales and food services excl motor vehicle and parts and gasoline stations,450518,,,,,
1/1/23,,"Retail sales, total",535580,,,,,
1/1/23,,"Retail sales, total (excl. motor vehicle and parts dealers)",419966,,,,,
1/1/23,,GAFO(1),111967,,,,,
1/1/23,441,Motor vehicle and parts dealers,115614,,,,,
1/1/23,"4411,4412",Automobile and other motor vehicle dealers,106080,,,,,
1/1/23,4411,Automobile dealers,100290,,,,,
1/1/23,44111,New car dealers,89116,,,,,
1/1/23,44112,Used car dealers,11174,,,,,
1/1/23,4413,"Automotive parts, acc., and tire stores",9534,,,,,
1/1/23,"442,443","Furniture, home furn, electronics, and appliance stores",18517,,,,,
1/1/23,442,Furniture and home furnishings stores,11121,,,,,
1/1/23,4421,Furniture stores,6074,,,,,
1/1/23,443,Electronics and appliance stores,7396,,,,,
1/1/23,443141,Household appliance stores,1695,,,,,
1/1/23,443142,Electronics stores,5701,,,,,
1/1/23,444,Building mat. and garden equip. and supplies dealers,34795,,,,,
1/1/23,4441,Building mat. and supplies dealers,30403,,,,,
1/1/23,44412,Paint and wallpaper stores,1162,,,,,
1/1/23,44413,Hardware stores,2779,,,,,
1/1/23,445,Food and beverage stores,78222,,,,,
1/1/23,4451,Grocery stores,71401,,,,,
1/1/23,44511,Supermarkets and other grocery (except convenience) stores,68249,,,,,
1/1/23,4453,"Beer, wine, and liquor stores",4983,,,,,
1/1/23,446,Health and personal care stores,34119,,,,,
1/1/23,44611,Pharmacies and drug stores,29127,,,,,
1/1/23,447,Gasoline stations,49968,,,,,
1/1/23,448,Clothing and clothing access. stores,18427,,,,,
1/1/23,4481,Clothing stores,13006,,,,,
1/1/23,44812,Women's clothing stores,2233,,,,,
1/1/23,44814,Family clothing stores,7409,,,,,
1/1/23,44819,Other clothing stores,1395,,,,,
1/1/23,4482,Shoe stores,2351,,,,,
1/1/23,451,"Sporting goods, hobby, musical instrument, and book stores",6933,,,,,
1/1/23,45111,Sporting goods stores,3892,,,,,
1/1/23,45112,"Hobby, toy, and game stores",1466,,,,,
1/1/23,451211,Book stores,875,,,,,
1/1/23,452,General merchandise stores,66096,,,,,
1/1/23,4522,Department stores,2386,,,,,
1/1/23,45221,Department stores,2386,,,,,
1/1/23,4523,Gen. merchandise stores incl. warehouse clubs & supercenters,63710,,,,,
1/1/23,452311,Warehouse clubs and supercenters,56331,,,,,
1/1/23,452319,All other gen. merchandise stores,7379,,,,,
1/1/23,453,Miscellaneous store retailers,11380,,,,,
1/1/23,4532,"Office supplies, stationery, and gift stores",1994,,,,,
1/1/23,45321,Office supplies and stationery stores,902,,,,,
1/1/23,45322,"Gift, novelty, and souvenir stores",1092,,,,,
1/1/23,45330,Used merchandise stores,1753,,,,,
1/1/23,454,Nonstore retailers,101509,,,,,
1/1/23,4541,Electronic shopping and mail-order houses,92578,,,,,
1/1/23,45431,Fuel dealers,5092,,,,,
1/1/23,722,Food services and drinking places,80520,,,,,
1/1/23,7225,Restaurants and other eating places,72819,,,,,
1/1/23,"722513, 722514, 722515",Limited service eating places,36285,,,,,
2/1/23,,"Retail and food services sales, total",595432,,,,,
2/1/23,,Retail sales and food services excl motor vehicle and parts,479154,,,,,
2/1/23,,Retail sales and food services excl gasoline stations,548021,,,,,
2/1/23,,Retail sales and food services excl motor vehicle and parts and gasoline stations,431743,,,,,
2/1/23,,"Retail sales, total",516582,,,,,
2/1/23,,"Retail sales, total (excl. motor vehicle and parts dealers)",400304,,,,,
2/1/23,,GAFO(1),109748,,,,,
2/1/23,441,Motor vehicle and parts dealers,116278,,,,,
2/1/23,"4411,4412",Automobile and other motor vehicle dealers,106958,,,,,
2/1/23,4411,Automobile dealers,100220,,,,,
2/1/23,44111,New car dealers,87716,,,,,
2/1/23,44112,Used car dealers,12504,,,,,
2/1/23,4413,"Automotive parts, acc., and tire stores",9320,,,,,
2/1/23,"442,443","Furniture, home furn, electronics, and appliance stores",17410,,,,,
2/1/23,442,Furniture and home furnishings stores,10678,,,,,
2/1/23,4421,Furniture stores,5895,,,,,
2/1/23,443,Electronics and appliance stores,6732,,,,,
2/1/23,443141,Household appliance stores,1614,,,,,
2/1/23,443142,Electronics stores,5118,,,,,
2/1/23,444,Building mat. and garden equip. and supplies dealers,33711,,,,,
2/1/23,4441,Building mat. and supplies dealers,29246,,,,,
2/1/23,44412,Paint and wallpaper stores,1188,,,,,
2/1/23,44413,Hardware stores,2676,,,,,
2/1/23,445,Food and beverage stores,73539,,,,,
2/1/23,4451,Grocery stores,66738,,,,,
2/1/23,44511,Supermarkets and other grocery (except convenience) stores,63646,,,,,
2/1/23,4453,"Beer, wine, and liquor stores",4972,,,,,
2/1/23,446,Health and personal care stores,32229,,,,,
2/1/23,44611,Pharmacies and drug stores,27211,,,,,
2/1/23,447,Gasoline stations,47411,,,,,
2/1/23,448,Clothing and clothing access. stores,19902,,,,,
2/1/23,4481,Clothing stores,13678,,,,,
2/1/23,44812,Women's clothing stores,2421,,,,,
2/1/23,44814,Family clothing stores,7612,,,,,
2/1/23,44819,Other clothing stores,1512,,,,,
2/1/23,4482,Shoe stores,2688,,,,,
2/1/23,451,"Sporting goods, hobby, musical instrument, and book stores",6493,,,,,
2/1/23,45111,Sporting goods stores,3898,,,,,
2/1/23,45112,"Hobby, toy, and game stores",1394,,,,,
2/1/23,451211,Book stores,533,,,,,
2/1/23,452,General merchandise stores,64073,,,,,
2/1/23,4522,Department stores,2777,,,,,
2/1/23,45221,Department stores,2777,,,,,
2/1/23,4523,Gen. merchandise stores incl. warehouse clubs & supercenters,61296,,,,,
2/1/23,452311,Warehouse clubs and supercenters,53967,,,,,
2/1/23,452319,All other gen. merchandise stores,7329,,,,,
2/1/23,453,Miscellaneous store retailers,10959,,,,,
2/1/23,4532,"Office supplies, stationery, and gift stores",1870,,,,,
2/1/23,45321,Office supplies and stationery stores,734,,,,,
2/1/23,45322,"Gift, novelty, and souvenir stores",1136,,,,,
2/1/23,45330,Used merchandise stores,1653,,,,,
2/1/23,454,Nonstore retailers,94577,,,,,
2/1/23,4541,Electronic shopping and mail-order houses,86249,,,,,
2/1/23,45431,Fuel dealers,4515,,,,,
2/1/23,722,Food services and drinking places,78850,,,,,
2/1/23,7225,Restaurants and other eating places,70729,,,,,
2/1/23,"722513, 722514, 722515",Limited service eating places,35420,,,,,
3/1/23,,"Retail and food services sales, total",679701,,,,,
3/1/23,,Retail sales and food services excl motor vehicle and parts,541047,,,,,
3/1/23,,Retail sales and food services excl gasoline stations,625366,,,,,
3/1/23,,Retail sales and food services excl motor vehicle and parts and gasoline stations,486712,,,,,
3/1/23,,"Retail sales, total",589560,,,,,
3/1/23,,"Retail sales, total (excl. motor vehicle and parts dealers)",450906,,,,,
3/1/23,,GAFO(1),122441,,,,,
3/1/23,441,Motor vehicle and parts dealers,138654,,,,,
3/1/23,"4411,4412",Automobile and other motor vehicle dealers,127696,,,,,
3/1/23,4411,Automobile dealers,118756,,,,,
3/1/23,44111,New car dealers,103447,,,,,
3/1/23,44112,Used car dealers,15309,,,,,
3/1/23,4413,"Automotive parts, acc., and tire stores",10958,,,,,
3/1/23,"442,443","Furniture, home furn, electronics, and appliance stores",19466,,,,,
3/1/23,442,Furniture and home furnishings stores,12098,,,,,
3/1/23,4421,Furniture stores,6675,,,,,
3/1/23,443,Electronics and appliance stores,7368,,,,,
3/1/23,443141,Household appliance stores,1831,,,,,
3/1/23,443142,Electronics stores,5537,,,,,
3/1/23,444,Building mat. and garden equip. and supplies dealers,41509,,,,,
3/1/23,4441,Building mat. and supplies dealers,35752,,,,,
3/1/23,44412,Paint and wallpaper stores,1478,,,,,
3/1/23,44413,Hardware stores,3334,,,,,
3/1/23,445,Food and beverage stores,80134,,,,,
3/1/23,4451,Grocery stores,72628,,,,,
3/1/23,44511,Supermarkets and other grocery (except convenience) stores,69284,,,,,
3/1/23,4453,"Beer, wine, and liquor stores",5535,,,,,
3/1/23,446,Health and personal care stores,36087,,,,,
3/1/23,44611,Pharmacies and drug stores,30448,,,,,
3/1/23,447,Gasoline stations,54335,,,,,
3/1/23,448,Clothing and clothing access. stores,23641,,,,,
3/1/23,4481,Clothing stores,16871,,,,,
3/1/23,44812,Women's clothing stores,3025,,,,,
3/1/23,44814,Family clothing stores,9720,,,,,
3/1/23,44819,Other clothing stores,1675,,,,,
3/1/23,4482,Shoe stores,3353,,,,,
3/1/23,451,"Sporting goods, hobby, musical instrument, and book stores",7889,,,,,
3/1/23,45111,Sporting goods stores,5033,,,,,
3/1/23,45112,"Hobby, toy, and game stores",1557,,,,,
3/1/23,451211,Book stores,565,,,,,
3/1/23,452,General merchandise stores,69271,,,,,
3/1/23,4522,Department stores,3110,,,,,
3/1/23,45221,Department stores,3110,,,,,
3/1/23,4523,Gen. merchandise stores incl. warehouse clubs & supercenters,66161,,,,,
3/1/23,452311,Warehouse clubs and supercenters,57862,,,,,
3/1/23,452319,All other gen. merchandise stores,8299,,,,,
3/1/23,453,Miscellaneous store retailers,12540,,,,,
3/1/23,4532,"Office supplies, stationery, and gift stores",2174,,,,,
3/1/23,45321,Office supplies and stationery stores,840,,,,,
3/1/23,45322,"Gift, novelty, and souvenir stores",1334,,,,,
3/1/23,45330,Used merchandise stores,1910,,,,,
3/1/23,454,Nonstore retailers,106034,,,,,
3/1/23,4541,Electronic shopping and mail-order houses,97356,,,,,
3/1/23,45431,Fuel dealers,4357,,,,,
3/1/23,722,Food services and drinking places,90141,,,,,
3/1/23,7225,Restaurants and other eating places,80693,,,,,
3/1/23,"722513, 722514, 722515",Limited service eating places,40987,,,,,
4/1/23,,"Retail and food services sales, total",661990,,,,,
4/1/23,,Retail sales and food services excl motor vehicle and parts,531201,,,,,
4/1/23,,Retail sales and food services excl gasoline stations,608618,,,,,
4/1/23,,Retail sales and food services excl motor vehicle and parts and gasoline stations,477829,,,,,
4/1/23,,"Retail sales, total",574331,,,,,
4/1/23,,"Retail sales, total (excl. motor vehicle and parts dealers)",443542,,,,,
4/1/23,,GAFO(1),122357,,,,,
4/1/23,441,Motor vehicle and parts dealers,130789,,,,,
4/1/23,"4411,4412",Automobile and other motor vehicle dealers,120255,,,,,
4/1/23,4411,Automobile dealers,111480,,,,,
4/1/23,44111,New car dealers,97917,,,,,
4/1/23,44112,Used car dealers,13563,,,,,
4/1/23,4413,"Automotive parts, acc., and tire stores",10534,,,,,
4/1/23,"442,443","Furniture, home furn, electronics, and appliance stores",17437,,,,,
4/1/23,442,Furniture and home furnishings stores,10868,,,,,
4/1/23,4421,Furniture stores,5797,,,,,
4/1/23,443,Electronics and appliance stores,6569,,,,,
4/1/23,443141,Household appliance stores,1646,,,,,
4/1/23,443142,Electronics stores,4923,,,,,
4/1/23,444,Building mat. and garden equip. and supplies dealers,42867,,,,,
4/1/23,4441,Building mat. and supplies dealers,35937,,,,,
4/1/23,44412,Paint and wallpaper stores,1400,,,,,
4/1/23,44413,Hardware stores,3460,,,,,
4/1/23,445,Food and beverage stores,78994,,,,,
4/1/23,4451,Grocery stores,71428,,,,,
4/1/23,44511,Supermarkets and other grocery (except convenience) stores,67983,,,,,
4/1/23,4453,"Beer, wine, and liquor stores",5527,,,,,
4/1/23,446,Health and personal care stores,34073,,,,,
4/1/23,44611,Pharmacies and drug stores,28828,,,,,
4/1/23,447,Gasoline stations,53372,,,,,
4/1/23,448,Clothing and clothing access. stores,23422,,,,,
4/1/23,4481,Clothing stores,16843,,,,,
4/1/23,44812,Women's clothing stores,3022,,,,,
4/1/23,44814,Family clothing stores,9772,,,,,
4/1/23,44819,Other clothing stores,1491,,,,,
4/1/23,4482,Shoe stores,3171,,,,,
4/1/23,451,"Sporting goods, hobby, musical instrument, and book stores",7622,,,,,
4/1/23,45111,Sporting goods stores,5018,,,,,
4/1/23,45112,"Hobby, toy, and game stores",1401,,,,,
4/1/23,451211,Book stores,552,,,,,
4/1/23,452,General merchandise stores,71791,,,,,
4/1/23,4522,Department stores,3187,,,,,
4/1/23,45221,Department stores,3187,,,,,
4/1/23,4523,Gen. merchandise stores incl. warehouse clubs & supercenters,68604,,,,,
4/1/23,452311,Warehouse clubs and supercenters,60156,,,,,
4/1/23,452319,All other gen. merchandise stores,8448,,,,,
4/1/23,453,Miscellaneous store retailers,12634,,,,,
4/1/23,4532,"Office supplies, stationery, and gift stores",2085,,,,,
4/1/23,45321,Office supplies and stationery stores,734,,,,,
4/1/23,45322,"Gift, novelty, and souvenir stores",1351,,,,,
4/1/23,45330,Used merchandise stores,1989,,,,,
4/1/23,454,Nonstore retailers,101330,,,,,
4/1/23,4541,Electronic shopping and mail-order houses,94489,,,,,
4/1/23,45431,Fuel dealers,2799,,,,,
4/1/23,722,Food services and drinking places,87659,,,,,
4/1/23,7225,Restaurants and other eating places,78295,,,,,
4/1/23,"722513, 722514, 722515",Limited service eating places,40432,,,,,
5/1/23,,"Retail and food services sales, total",708199,,,,,
5/1/23,,Retail sales and food services excl motor vehicle and parts,568188,,,,,
5/1/23,,Retail sales and food services excl gasoline stations,651714,,,,,
5/1/23,,Retail sales and food services excl motor vehicle and parts and gasoline stations,511703,,,,,
5/1/23,,"Retail sales, total",615939,,,,,
5/1/23,,"Retail sales, total (excl. motor vehicle and parts dealers)",475928,,,,,
5/1/23,,GAFO(1),128667,,,,,
5/1/23,441,Motor vehicle and parts dealers,140011,,,,,
5/1/23,"4411,4412",Automobile and other motor vehicle dealers,128667,,,,,
5/1/23,4411,Automobile dealers,118432,,,,,
5/1/23,44111,New car dealers,104422,,,,,
5/1/23,44112,Used car dealers,14010,,,,,
5/1/23,4413,"Automotive parts, acc., and tire stores",11344,,,,,
5/1/23,"442,443","Furniture, home furn, electronics, and appliance stores",18686,,,,,
5/1/23,442,Furniture and home furnishings stores,11541,,,,,
5/1/23,4421,Furniture stores,6106,,,,,
5/1/23,443,Electronics and appliance stores,7145,,,,,
5/1/23,443141,Household appliance stores,1789,,,,,
5/1/23,443142,Electronics stores,5356,,,,,
5/1/23,444,Building mat. and garden equip. and supplies dealers,50120,,,,,
5/1/23,4441,Building mat. and supplies dealers,42271,,,,,
5/1/23,44412,Paint and wallpaper stores,1666,,,,,
5/1/23,44413,Hardware stores,3959,,,,,
5/1/23,445,Food and beverage stores,82782,,,,,
5/1/23,4451,Grocery stores,74526,,,,,
5/1/23,44511,Supermarkets and other grocery (except convenience) stores,70957,,,,,
5/1/23,4453,"Beer, wine, and liquor stores",6067,,,,,
5/1/23,446,Health and personal care stores,36388,,,,,
5/1/23,44611,Pharmacies and drug stores,30923,,,,,
5/1/23,447,Gasoline stations,56485,,,,,
5/1/23,448,Clothing and clothing access. stores,25160,,,,,
5/1/23,4481,Clothing stores,17577,,,,,
5/1/23,44812,Women's clothing stores,3224,,,,,
5/1/23,44814,Family clothing stores,10205,,,,,
5/1/23,44819,Other clothing stores,1454,,,,,
5/1/23,4482,Shoe stores,3316,,,,,
5/1/23,451,"Sporting goods, hobby, musical instrument, and book stores",7980,,,,,
5/1/23,45111,Sporting goods stores,5192,,,,,
5/1/23,45112,"Hobby, toy, and game stores",1461,,,,,
5/1/23,451211,Book stores,619,,,,,
5/1/23,452,General merchandise stores,74494,,,,,
5/1/23,4522,Department stores,3494,,,,,
5/1/23,45221,Department stores,3494,,,,,
5/1/23,4523,Gen. merchandise stores incl. warehouse clubs & supercenters,71000,,,,,
5/1/23,452311,Warehouse clubs and supercenters,61989,,,,,
5/1/23,452319,All other gen. merchandise stores,9011,,,,,
5/1/23,453,Miscellaneous store retailers,14071,,,,,
5/1/23,4532,"Office supplies, stationery, and gift stores",2347,,,,,
5/1/23,45321,Office supplies and stationery stores,761,,,,,
5/1/23,45322,"Gift, novelty, and souvenir stores",1586,,,,,
5/1/23,45330,Used merchandise stores,1742,,,,,
5/1/23,454,Nonstore retailers,109762,,,,,
5/1/23,4541,Electronic shopping and mail-order houses,102711,,,,,
5/1/23,45431,Fuel dealers,2514,,,,,
5/1/23,722,Food services and drinking places,92260,,,,,
5/1/23,7225,Restaurants and other eating places,82643,,,,,
5/1/23,"722513, 722514, 722515",Limited service eating places,42246,,,,,
6/1/23,,"Retail and food services sales, total",688753,,,,,
6/1/23,,Retail sales and food services excl motor vehicle and parts,551610,,,,,
6/1/23,,Retail sales and food services excl gasoline stations,632779,,,,,
6/1/23,,Retail sales and food services excl motor vehicle and parts and gasoline stations,495636,,,,,
6/1/23,,"Retail sales, total",597476,,,,,
6/1/23,,"Retail sales, total (excl. motor vehicle and parts dealers)",460333,,,,,
6/1/23,,GAFO(1),125866,,,,,
6/1/23,441,Motor vehicle and parts dealers,137143,,,,,
6/1/23,"4411,4412",Automobile and other motor vehicle dealers,125647,,,,,
6/1/23,4411,Automobile dealers,115806,,,,,
6/1/23,44111,New car dealers,102810,,,,,
6/1/23,44112,Used car dealers,12996,,,,,
6/1/23,4413,"Automotive parts, acc., and tire stores",11496,,,,,
6/1/23,"442,443","Furniture, home furn, electronics, and appliance stores",18560,,,,,
6/1/23,442,Furniture and home furnishings stores,11338,,,,,
6/1/23,4421,Furniture stores,6352,,,,,
6/1/23,443,Electronics and appliance stores,7222,,,,,
6/1/23,443141,Household appliance stores,1834,,,,,
6/1/23,443142,Electronics stores,5388,,,,,
6/1/23,444,Building mat. and garden equip. and supplies dealers,45974,,,,,
6/1/23,4441,Building mat. and supplies dealers,39460,,,,,
6/1/23,44412,Paint and wallpaper stores,1642,,,,,
6/1/23,44413,Hardware stores,3846,,,,,
6/1/23,445,Food and beverage stores,80595,,,,,
6/1/23,4451,Grocery stores,72344,,,,,
6/1/23,44511,Supermarkets and other grocery (except convenience) stores,68823,,,,,
6/1/23,4453,"Beer, wine, and liquor stores",6040,,,,,
6/1/23,446,Health and personal care stores,35841,,,,,
6/1/23,44611,Pharmacies and drug stores,30346,,,,,
6/1/23,447,Gasoline stations,55974,,,,,
6/1/23,448,Clothing and clothing access. stores,23528,,,,,
6/1/23,4481,Clothing stores,16711,,,,,
6/1/23,44812,Women's clothing stores,2804,,,,,
6/1/23,44814,Family clothing stores,9911,,,,,
6/1/23,44819,Other clothing stores,1587,,,,,
6/1/23,4482,Shoe stores,3134,,,,,
6/1/23,451,"Sporting goods, hobby, musical instrument, and book stores",8274,,,,,
6/1/23,45111,Sporting goods stores,5538,,,,,
6/1/23,45112,"Hobby, toy, and game stores",1462,,,,,
6/1/23,451211,Book stores,556,,,,,
6/1/23,452,General merchandise stores,73136,,,,,
6/1/23,4522,Department stores,3181,,,,,
6/1/23,45221,Department stores,3181,,,,,
6/1/23,4523,Gen. merchandise stores incl. warehouse clubs & supercenters,69955,,,,,
6/1/23,452311,Warehouse clubs and supercenters,61259,,,,,
6/1/23,452319,All other gen. merchandise stores,8696,,,,,
6/1/23,453,Miscellaneous store retailers,13919,,,,,
6/1/23,4532,"Office supplies, stationery, and gift stores",2368,,,,,
6/1/23,45321,Office supplies and stationery stores,720,,,,,
6/1/23,45322,"Gift, novelty, and souvenir stores",1648,,,,,
6/1/23,45330,Used merchandise stores,1667,,,,,
6/1/23,454,Nonstore retailers,104532,,,,,
6/1/23,4541,Electronic shopping and mail-order houses,97512,,,,,
6/1/23,45431,Fuel dealers,2394,,,,,
6/1/23,722,Food services and drinking places,91277,,,,,
6/1/23,7225,Restaurants and other eating places,82172,,,,,
6/1/23,"722513, 722514, 722515",Limited service eating places,42044,,,,,
7/1/23,,"Retail and food services sales, total",683349,,,,,
7/1/23,,Retail sales and food services excl motor vehicle and parts,550598,,,,,
7/1/23,,Retail sales and food services excl gasoline stations,626758,,,,,
7/1/23,,Retail sales and food services excl motor vehicle and parts and gasoline stations,494007,,,,,
7/1/23,,"Retail sales, total",591150,,,,,
7/1/23,,"Retail sales, total (excl. motor vehicle and parts dealers)",458399,,,,,
7/1/23,,GAFO(1),126337,,,,,
7/1/23,441,Motor vehicle and parts dealers,132751,,,,,
7/1/23,"4411,4412",Automobile and other motor vehicle dealers,121759,,,,,
7/1/23,4411,Automobile dealers,113024,,,,,
7/1/23,44111,New car dealers,100384,,,,,
7/1/23,44112,Used car dealers,12640,,,,,
7/1/23,4413,"Automotive parts, acc., and tire stores",10992,,,,,
7/1/23,"442,443","Furniture, home furn, electronics, and appliance stores",18042,,,,,
7/1/23,442,Furniture and home furnishings stores,10970,,,,,
7/1/23,4421,Furniture stores,6189,,,,,
7/1/23,443,Electronics and appliance stores,7072,,,,,
7/1/23,443141,Household appliance stores,1734,,,,,
7/1/23,443142,Electronics stores,5338,,,,,
7/1/23,444,Building mat. and garden equip. and supplies dealers,41538,,,,,
7/1/23,4441,Building mat. and supplies dealers,36341,,,,,
7/1/23,44412,Paint and wallpaper stores,1495,,,,,
7/1/23,44413,Hardware stores,3483,,,,,
7/1/23,445,Food and beverage stores,82463,,,,,
7/1/23,4451,Grocery stores,74151,,,,,
7/1/23,44511,Supermarkets and other grocery (except convenience) stores,70565,,,,,
7/1/23,4453,"Beer, wine, and liquor stores",6096,,,,,
7/1/23,446,Health and personal care stores,34108,,,,,
7/1/23,44611,Pharmacies and drug stores,29017,,,,,
7/1/23,447,Gasoline stations,56591,,,,,
7/1/23,448,Clothing and clothing access. stores,24075,,,,,
7/1/23,4481,Clothing stores,17278,,,,,
7/1/23,44812,Women's clothing stores,2905,,,,,
7/1/23,44814,Family clothing stores,10419,,,,,
7/1/23,44819,Other clothing stores,1626,,,,,
7/1/23,4482,Shoe stores,3460,,,,,
7/1/23,451,"Sporting goods, hobby, musical instrument, and book stores",8159,,,,,
7/1/23,45111,Sporting goods stores,5476,,,,,
7/1/23,45112,"Hobby, toy, and game stores",1450,,,,,
7/1/23,451211,Book stores,560,,,,,
7/1/23,452,General merchandise stores,73495,,,,,
7/1/23,4522,Department stores,3101,,,,,
7/1/23,45221,Department stores,3101,,,,,
7/1/23,4523,Gen. merchandise stores incl. warehouse clubs & supercenters,70394,,,,,
7/1/23,452311,Warehouse clubs and supercenters,62019,,,,,
7/1/23,452319,All other gen. merchandise stores,8375,,,,,
7/1/23,453,Miscellaneous store retailers,12966,,,,,
7/1/23,4532,"Office supplies, stationery, and gift stores",2566,,,,,
7/1/23,45321,Office supplies and stationery stores,768,,,,,
7/1/23,45322,"Gift, novelty, and souvenir stores",1798,,,,,
7/1/23,45330,Used merchandise stores,1697,,,,,
7/1/23,454,Nonstore retailers,106962,,,,,
7/1/23,4541,Electronic shopping and mail-order houses,100760,,,,,
7/1/23,45431,Fuel dealers,1997,,,,,
7/1/23,722,Food services and drinking places,92199,,,,,
7/1/23,7225,Restaurants and other eating places,83701,,,,,
7/1/23,"722513, 722514, 722515",Limited service eating places,42797,,,,,
8/1/23,,"Retail and food services sales, total",705135,,,,,
8/1/23,,Retail sales and food services excl motor vehicle and parts,565912,,,,,
8/1/23,,Retail sales and food services excl gasoline stations,644591,,,,,
8/1/23,,Retail sales and food services excl motor vehicle and parts and gasoline stations,505368,,,,,
8/1/23,,"Retail sales, total",613511,,,,,
8/1/23,,"Retail sales, total (excl. motor vehicle and parts dealers)",474288,,,,,
8/1/23,,GAFO(1),131711,,,,,
8/1/23,441,Motor vehicle and parts dealers,139223,,,,,
8/1/23,"4411,4412",Automobile and other motor vehicle dealers,127403,,,,,
8/1/23,4411,Automobile dealers,119244,,,,,
8/1/23,44111,New car dealers,105510,,,,,
8/1/23,44112,Used car dealers,13734,,,,,
8/1/23,4413,"Automotive parts, acc., and tire stores",11820,,,,,
8/1/23,"442,443","Furniture, home furn, electronics, and appliance stores",19267,,,,,
8/1/23,442,Furniture and home furnishings stores,11726,,,,,
8/1/23,4421,Furniture stores,6432,,,,,
8/1/23,443,Electronics and appliance stores,7541,,,,,
8/1/23,443141,Household appliance stores,1925,,,,,
8/1/23,443142,Electronics stores,5616,,,,,
8/1/23,444,Building mat. and garden equip. and supplies dealers,43636,,,,,
8/1/23,4441,Building mat. and supplies dealers,38428,,,,,
8/1/23,44412,Paint and wallpaper stores,1654,,,,,
8/1/23,44413,Hardware stores,3593,,,,,
8/1/23,445,Food and beverage stores,82168,,,,,
8/1/23,4451,Grocery stores,74166,,,,,
8/1/23,44511,Supermarkets and other grocery (except convenience) stores,70569,,,,,
8/1/23,4453,"Beer, wine, and liquor stores",5834,,,,,
8/1/23,446,Health and personal care stores,36566,,,,,
8/1/23,44611,Pharmacies and drug stores,31087,,,,,
8/1/23,447,Gasoline stations,60544,,,,,
8/1/23,448,Clothing and clothing access. stores,25772,,,,,
8/1/23,4481,Clothing stores,18044,,,,,
8/1/23,44812,Women's clothing stores,2932,,,,,
8/1/23,44814,Family clothing stores,10909,,,,,
8/1/23,44819,Other clothing stores,1622,,,,,
8/1/23,4482,Shoe stores,4299,,,,,
8/1/23,451,"Sporting goods, hobby, musical instrument, and book stores",8853,,,,,
8/1/23,45111,Sporting goods stores,5695,,,,,
8/1/23,45112,"Hobby, toy, and game stores",1552,,,,,
8/1/23,451211,Book stores,835,,,,,
8/1/23,452,General merchandise stores,75253,,,,,
8/1/23,4522,Department stores,3267,,,,,
8/1/23,45221,Department stores,3267,,,,,
8/1/23,4523,Gen. merchandise stores incl. warehouse clubs & supercenters,71986,,,,,
8/1/23,452311,Warehouse clubs and supercenters,63529,,,,,
8/1/23,452319,All other gen. merchandise stores,8457,,,,,
8/1/23,453,Miscellaneous store retailers,12953,,,,,
8/1/23,4532,"Office supplies, stationery, and gift stores",2566,,,,,
8/1/23,45321,Office supplies and stationery stores,1012,,,,,
8/1/23,45322,"Gift, novelty, and souvenir stores",1554,,,,,
8/1/23,45330,Used merchandise stores,1737,,,,,
8/1/23,454,Nonstore retailers,109276,,,,,
8/1/23,4541,Electronic shopping and mail-order houses,102108,,,,,
8/1/23,45431,Fuel dealers,2405,,,,,
8/1/23,722,Food services and drinking places,91624,,,,,
8/1/23,7225,Restaurants and other eating places,81920,,,,,
8/1/23,"722513, 722514, 722515",Limited service eating places,42078,,,,,
9/1/23,,"Retail and food services sales, total",669120,,,,,
9/1/23,,Retail sales and food services excl motor vehicle and parts,538130,,,,,
9/1/23,,Retail sales and food services excl gasoline stations,611291,,,,,
9/1/23,,Retail sales and food services excl motor vehicle and parts and gasoline stations,480301,,,,,
9/1/23,,"Retail sales, total",579306,,,,,
9/1/23,,"Retail sales, total (excl. motor vehicle and parts dealers)",448316,,,,,
9/1/23,,GAFO(1),122169,,,,,
9/1/23,441,Motor vehicle and parts dealers,130990,,,,,
9/1/23,"4411,4412",Automobile and other motor vehicle dealers,119985,,,,,
9/1/23,4411,Automobile dealers,112162,,,,,
9/1/23,44111,New car dealers,99854,,,,,
9/1/23,44112,Used car dealers,12308,,,,,
9/1/23,4413,"Automotive parts, acc., and tire stores",11005,,,,,
9/1/23,"442,443","Furniture, home furn, electronics, and appliance stores",18485,,,,,
9/1/23,442,Furniture and home furnishings stores,11092,,,,,
9/1/23,4421,Furniture stores,6378,,,,,
9/1/23,443,Electronics and appliance stores,7393,,,,,
9/1/23,443141,Household appliance stores,1764,,,,,
9/1/23,443142,Electronics stores,5629,,,,,
9/1/23,444,Building mat. and garden equip. and supplies dealers,39666,,,,,
9/1/23,4441,Building mat. and supplies dealers,34579,,,,,
9/1/23,44412,Paint and wallpaper stores,1484,,,,,
9/1/23,44413,Hardware stores,3269,,,,,
9/1/23,445,Food and beverage stores,79965,,,,,
9/1/23,4451,Grocery stores,72032,,,,,
9/1/23,44511,Supermarkets and other grocery (except convenience) stores,68511,,,,,
9/1/23,4453,"Beer, wine, and liquor stores",5783,,,,,
9/1/23,446,Health and personal care stores,35471,,,,,
9/1/23,44611,Pharmacies and drug stores,30170,,,,,
9/1/23,447,Gasoline stations,57829,,,,,
9/1/23,448,Clothing and clothing access. stores,22573,,,,,
9/1/23,4481,Clothing stores,16221,,,,,
9/1/23,44812,Women's clothing stores,2834,,,,,
9/1/23,44814,Family clothing stores,9644,,,,,
9/1/23,44819,Other clothing stores,1358,,,,,
9/1/23,4482,Shoe stores,3085,,,,,
9/1/23,451,"Sporting goods, hobby, musical instrument, and book stores",7892,,,,,
9/1/23,45111,Sporting goods stores,4762,,,,,
9/1/23,45112,"Hobby, toy, and game stores",1665,,,,,
9/1/23,451211,Book stores,691,,,,,
9/1/23,452,General merchandise stores,70778,,,,,
9/1/23,4522,Department stores,2993,,,,,
9/1/23,45221,Department stores,2993,,,,,
9/1/23,4523,Gen. merchandise stores incl. warehouse clubs & supercenters,67785,,,,,
9/1/23,452311,Warehouse clubs and supercenters,59542,,,,,
9/1/23,452319,All other gen. merchandise stores,8243,,,,,
9/1/23,453,Miscellaneous store retailers,13009,,,,,
9/1/23,4532,"Office supplies, stationery, and gift stores",2441,,,,,
9/1/23,45321,Office supplies and stationery stores,790,,,,,
9/1/23,45322,"Gift, novelty, and souvenir stores",1651,,,,,
9/1/23,45330,Used merchandise stores,1772,,,,,
9/1/23,454,Nonstore retailers,102648,,,,,
9/1/23,4541,Electronic shopping and mail-order houses,95827,,,,,
9/1/23,45431,Fuel dealers,2570,,,,,
9/1/23,722,Food services and drinking places,89814,,,,,
9/1/23,7225,Restaurants and other eating places,79055,,,,,
9/1/23,"722513, 722514, 722515",Limited service eating places,40540,,,,,
10/1/23,,"Retail and food services sales, total",685078,,,,,
10/1/23,,Retail sales and food services excl motor vehicle and parts,557921,,,,,
10/1/23,,Retail sales and food services excl gasoline stations,627277,,,,,
10/1/23,,Retail sales and food services excl motor vehicle and parts and gasoline stations,500120,,,,,
10/1/23,,"Retail sales, total",594266,,,,,
10/1/23,,"Retail sales, total (excl. motor vehicle and parts dealers)",467109,,,,,
10/1/23,,GAFO(1),125344,,,,,
10/1/23,441,Motor vehicle and parts dealers,127157,,,,,
10/1/23,"4411,4412",Automobile and other motor vehicle dealers,115664,,,,,
10/1/23,4411,Automobile dealers,109028,,,,,
10/1/23,44111,New car dealers,97099,,,,,
10/1/23,44112,Used car dealers,11929,,,,,
10/1/23,4413,"Automotive parts, acc., and tire stores",11493,,,,,
10/1/23,"442,443","Furniture, home furn, electronics, and appliance stores",18008,,,,,
10/1/23,442,Furniture and home furnishings stores,10707,,,,,
10/1/23,4421,Furniture stores,5667,,,,,
10/1/23,443,Electronics and appliance stores,7301,,,,,
10/1/23,443141,Household appliance stores,1794,,,,,
10/1/23,443142,Electronics stores,5507,,,,,
10/1/23,444,Building mat. and garden equip. and supplies dealers,41722,,,,,
10/1/23,4441,Building mat. and supplies dealers,36128,,,,,
10/1/23,44412,Paint and wallpaper stores,1506,,,,,
10/1/23,44413,Hardware stores,3440,,,,,
10/1/23,445,Food and beverage stores,80706,,,,,
10/1/23,4451,Grocery stores,72725,,,,,
10/1/23,44511,Supermarkets and other grocery (except convenience) stores,69378,,,,,
10/1/23,4453,"Beer, wine, and liquor stores",5736,,,,,
10/1/23,446,Health and personal care stores,38007,,,,,
10/1/23,44611,Pharmacies and drug stores,33002,,,,,
10/1/23,447,Gasoline stations,57801,,,,,
10/1/23,448,Clothing and clothing access. stores,23143,,,,,
10/1/23,4481,Clothing stores,16795,,,,,
10/1/23,44812,Women's clothing stores,2838,,,,,
10/1/23,44814,Family clothing stores,10150,,,,,
10/1/23,44819,Other clothing stores,1373,,,,,
10/1/23,4482,Shoe stores,3007,,,,,
10/1/23,451,"Sporting goods, hobby, musical instrument, and book stores",7620,,,,,
10/1/23,45111,Sporting goods stores,4668,,,,,
10/1/23,45112,"Hobby, toy, and game stores",1680,,,,,
10/1/23,451211,Book stores,531,,,,,
10/1/23,452,General merchandise stores,73659,,,,,
10/1/23,4522,Department stores,3147,,,,,
10/1/23,45221,Department stores,3147,,,,,
10/1/23,4523,Gen. merchandise stores incl. warehouse clubs & supercenters,70512,,,,,
10/1/23,452311,Warehouse clubs and supercenters,61857,,,,,
10/1/23,452319,All other gen. merchandise stores,8655,,,,,
10/1/23,453,Miscellaneous store retailers,13853,,,,,
10/1/23,4532,"Office supplies, stationery, and gift stores",2914,,,,,
10/1/23,45321,Office supplies and stationery stores,703,,,,,
10/1/23,45322,"Gift, novelty, and souvenir stores",2211,,,,,
10/1/23,45330,Used merchandise stores,1913,,,,,
10/1/23,454,Nonstore retailers,112590,,,,,
10/1/23,4541,Electronic shopping and mail-order houses,105092,,,,,
10/1/23,45431,Fuel dealers,3194,,,,,
10/1/23,722,Food services and drinking places,90812,,,,,
10/1/23,7225,Restaurants and other eating places,80141,,,,,
10/1/23,"722513, 722514, 722515",Limited service eating places,41087,,,,,
11/1/23,,"Retail and food services sales, total",694957,,,,,
11/1/23,,Retail sales and food services excl motor vehicle and parts,572820,,,,,
11/1/23,,Retail sales and food services excl gasoline stations,643496,,,,,
11/1/23,,Retail sales and food services excl motor vehicle and parts and gasoline stations,521359,,,,,
11/1/23,,"Retail sales, total",608426,,,,,
11/1/23,,"Retail sales, total (excl. motor vehicle and parts dealers)",486289,,,,,
11/1/23,,GAFO(1),136621,,,,,
11/1/23,441,Motor vehicle and parts dealers,122137,,,,,
11/1/23,"4411,4412",Automobile and other motor vehicle dealers,111293,,,,,
11/1/23,4411,Automobile dealers,105540,,,,,
11/1/23,44111,New car dealers,94830,,,,,
11/1/23,44112,Used car dealers,10710,,,,,
11/1/23,4413,"Automotive parts, acc., and tire stores",10844,,,,,
11/1/23,"442,443","Furniture, home furn, electronics, and appliance stores",20583,,,,,
11/1/23,442,Furniture and home furnishings stores,11958,,,,,
11/1/23,4421,Furniture stores,6448,,,,,
11/1/23,443,Electronics and appliance stores,8625,,,,,
11/1/23,443141,Household appliance stores,1841,,,,,
11/1/23,443142,Electronics stores,6784,,,,,
11/1/23,444,Building mat. and garden equip. and supplies dealers,39514,,,,,
11/1/23,4441,Building mat. and supplies dealers,34288,,,,,
11/1/23,44412,Paint and wallpaper stores,1269,,,,,
11/1/23,44413,Hardware stores,3307,,,,,
11/1/23,445,Food and beverage stores,82614,,,,,
11/1/23,4451,Grocery stores,74018,,,,,
11/1/23,44511,Supermarkets and other grocery (except convenience) stores,70813,,,,,
11/1/23,4453,"Beer, wine, and liquor stores",6166,,,,,
11/1/23,446,Health and personal care stores,36630,,,,,
11/1/23,44611,Pharmacies and drug stores,31219,,,,,
11/1/23,447,Gasoline stations,51461,,,,,
11/1/23,448,Clothing and clothing access. stores,27490,,,,,
11/1/23,4481,Clothing stores,20028,,,,,
11/1/23,44812,Women's clothing stores,3240,,,,,
11/1/23,44814,Family clothing stores,12352,,,,,
11/1/23,44819,Other clothing stores,1669,,,,,
11/1/23,4482,Shoe stores,3388,,,,,
11/1/23,451,"Sporting goods, hobby, musical instrument, and book stores",9047,,,,,
11/1/23,45111,Sporting goods stores,5150,,,,,
11/1/23,45112,"Hobby, toy, and game stores",2565,,,,,
11/1/23,451211,Book stores,567,,,,,
11/1/23,452,General merchandise stores,77597,,,,,
11/1/23,4522,Department stores,4433,,,,,
11/1/23,45221,Department stores,4433,,,,,
11/1/23,4523,Gen. merchandise stores incl. warehouse clubs & supercenters,73164,,,,,
11/1/23,452311,Warehouse clubs and supercenters,63717,,,,,
11/1/23,452319,All other gen. merchandise stores,9447,,,,,
11/1/23,453,Miscellaneous store retailers,13113,,,,,
11/1/23,4532,"Office supplies, stationery, and gift stores",1904,,,,,
11/1/23,45321,Office supplies and stationery stores,622,,,,,
11/1/23,45322,"Gift, novelty, and souvenir stores",1282,,,,,
11/1/23,45330,Used merchandise stores,1706,,,,,
11/1/23,454,Nonstore retailers,128240,,,,,
11/1/23,4541,Electronic shopping and mail-order houses,120381,,,,,
11/1/23,45431,Fuel dealers,3744,,,,,
11/1/23,722,Food services and drinking places,86531,,,,,
11/1/23,7225,Restaurants and other eating places,76758,,,,,
11/1/23,"722513, 722514, 722515",Limited service eating places,38936,,,,,
12/1/23,,"Retail and food services sales, total",751657,,,,,
12/1/23,,Retail sales and food services excl motor vehicle and parts,623235,,,,,
12/1/23,,Retail sales and food services excl gasoline stations,702936,,,,,
12/1/23,,Retail sales and food services excl motor vehicle and parts and gasoline stations,574514,,,,,
12/1/23,,"Retail sales, total",657243,,,,,
12/1/23,,"Retail sales, total (excl. motor vehicle and parts dealers)",528821,,,,,
12/1/23,,GAFO(1),167036,,,,,
12/1/23,441,Motor vehicle and parts dealers,128422,,,,,
12/1/23,"4411,4412",Automobile and other motor vehicle dealers,118241,,,,,
12/1/23,4411,Automobile dealers,112492,,,,,
12/1/23,44111,New car dealers,102497,,,,,
12/1/23,44112,Used car dealers,9995,,,,,
12/1/23,4413,"Automotive parts, acc., and tire stores",10181,,,,,
12/1/23,"442,443","Furniture, home furn, electronics, and appliance stores",21316,,,,,
12/1/23,442,Furniture and home furnishings stores,11490,,,,,
12/1/23,4421,Furniture stores,6146,,,,,
12/1/23,443,Electronics and appliance stores,9826,,,,,
12/1/23,443141,Household appliance stores,1706,,,,,
12/1/23,443142,Electronics stores,8120,,,,,
12/1/23,444,Building mat. and garden equip. and supplies dealers,36403,,,,,
12/1/23,4441,Building mat. and supplies dealers,31544,,,,,
12/1/23,44412,Paint and wallpaper stores,1109,,,,,
12/1/23,44413,Hardware stores,3327,,,,,
12/1/23,445,Food and beverage stores,88375,,,,,
12/1/23,4451,Grocery stores,77484,,,,,
12/1/23,44511,Supermarkets and other grocery (except convenience) stores,74231,,,,,
12/1/23,4453,"Beer, wine, and liquor stores",7863,,,,,
12/1/23,446,Health and personal care stores,39976,,,,,
12/1/23,44611,Pharmacies and drug stores,32918,,,,,
12/1/23,447,Gasoline stations,48721,,,,,
12/1/23,448,Clothing and clothing access. stores,39318,,,,,
12/1/23,4481,Clothing stores,25954,,,,,
12/1/23,44812,Women's clothing stores,4068,,,,,
12/1/23,44814,Family clothing stores,16017,,,,,
12/1/23,44819,Other clothing stores,1993,,,,,
12/1/23,4482,Shoe stores,4679,,,,,
12/1/23,451,"Sporting goods, hobby, musical instrument, and book stores",11466,,,,,
12/1/23,45111,Sporting goods stores,6839,,,,,
12/1/23,45112,"Hobby, toy, and game stores",2783,,,,,
12/1/23,451211,Book stores,1019,,,,,
12/1/23,452,General merchandise stores,92364,,,,,
12/1/23,4522,Department stores,6451,,,,,
12/1/23,45221,Department stores,6451,,,,,
12/1/23,4523,Gen. merchandise stores incl. warehouse clubs & supercenters,85913,,,,,
12/1/23,452311,Warehouse clubs and supercenters,74896,,,,,
12/1/23,452319,All other gen. merchandise stores,11017,,,,,
12/1/23,453,Miscellaneous store retailers,13724,,,,,
12/1/23,4532,"Office supplies, stationery, and gift stores",2572,,,,,
12/1/23,45321,Office supplies and stationery stores,721,,,,,
12/1/23,45322,"Gift, novelty, and souvenir stores",1851,,,,,
12/1/23,45330,Used merchandise stores,1844,,,,,
12/1/23,454,Nonstore retailers,137158,,,,,
12/1/23,4541,Electronic shopping and mail-order houses,129134,,,,,
12/1/23,45431,Fuel dealers,4153,,,,,
12/1/23,722,Food services and drinking places,94414,,,,,
12/1/23,7225,Restaurants and other eating places,84971,,,,,
12/1/23,"722513, 722514, 722515",Limited service eating places,41444,,,,,
,,,,,,,,
,,,,,,,,
,,,,,,,,
,,,,,,,,
,,,,,,,,
,,,,,,,,
,,,,,,,,
,,,,,,,,